,simulation TH 0,simulation TH 1,simulation TH 2,simulation TH 3,simulation TH 4,simulation TH 5,simulation TH 6,simulation TH 7,simulation TH 8,simulation TH 9,simulation TH 10,simulation TH 11,simulation TH 12,simulation TH 13,simulation TH 14,simulation TH 15,simulation TH 16,simulation TH 17,simulation TH 18,simulation TH 19,simulation TH 20,simulation TH 21,simulation TH 22,simulation TH 23,simulation TH 24,simulation TH 25,simulation TH 26,simulation TH 27,simulation TH 28,simulation TH 29,simulation TH 30,simulation TH 31,simulation TH 32,simulation TH 33,simulation TH 34,simulation TH 35,simulation TH 36,simulation TH 37,simulation TH 38,simulation TH 39,simulation TH 40,simulation TH 41,simulation TH 42,simulation TH 43,simulation TH 44,simulation TH 45,simulation TH 46,simulation TH 47,simulation TH 48,simulation TH 49,simulation TH 50,simulation TH 51,simulation TH 52,simulation TH 53,simulation TH 54,simulation TH 55,simulation TH 56,simulation TH 57,simulation TH 58,simulation TH 59,simulation TH 60,simulation TH 61,simulation TH 62,simulation TH 63,simulation TH 64,simulation TH 65,simulation TH 66,simulation TH 67,simulation TH 68,simulation TH 69,simulation TH 70,simulation TH 71,simulation TH 72,simulation TH 73,simulation TH 74,simulation TH 75,simulation TH 76,simulation TH 77,simulation TH 78,simulation TH 79,simulation TH 80,simulation TH 81,simulation TH 82,simulation TH 83,simulation TH 84,simulation TH 85,simulation TH 86,simulation TH 87,simulation TH 88,simulation TH 89,simulation TH 90,simulation TH 91,simulation TH 92,simulation TH 93,simulation TH 94,simulation TH 95,simulation TH 96,simulation TH 97,simulation TH 98,simulation TH 99,renewal process TH,M/G/1 TH,no congestion TH,simulation delay 0,simulation delay 1,simulation delay 2,simulation delay 3,simulation delay 4,simulation delay 5,simulation delay 6,simulation delay 7,simulation delay 8,simulation delay 9,simulation delay 10,simulation delay 11,simulation delay 12,simulation delay 13,simulation delay 14,simulation delay 15,simulation delay 16,simulation delay 17,simulation delay 18,simulation delay 19,simulation delay 20,simulation delay 21,simulation delay 22,simulation delay 23,simulation delay 24,simulation delay 25,simulation delay 26,simulation delay 27,simulation delay 28,simulation delay 29,simulation delay 30,simulation delay 31,simulation delay 32,simulation delay 33,simulation delay 34,simulation delay 35,simulation delay 36,simulation delay 37,simulation delay 38,simulation delay 39,simulation delay 40,simulation delay 41,simulation delay 42,simulation delay 43,simulation delay 44,simulation delay 45,simulation delay 46,simulation delay 47,simulation delay 48,simulation delay 49,simulation delay 50,simulation delay 51,simulation delay 52,simulation delay 53,simulation delay 54,simulation delay 55,simulation delay 56,simulation delay 57,simulation delay 58,simulation delay 59,simulation delay 60,simulation delay 61,simulation delay 62,simulation delay 63,simulation delay 64,simulation delay 65,simulation delay 66,simulation delay 67,simulation delay 68,simulation delay 69,simulation delay 70,simulation delay 71,simulation delay 72,simulation delay 73,simulation delay 74,simulation delay 75,simulation delay 76,simulation delay 77,simulation delay 78,simulation delay 79,simulation delay 80,simulation delay 81,simulation delay 82,simulation delay 83,simulation delay 84,simulation delay 85,simulation delay 86,simulation delay 87,simulation delay 88,simulation delay 89,simulation delay 90,simulation delay 91,simulation delay 92,simulation delay 93,simulation delay 94,simulation delay 95,simulation delay 96,simulation delay 97,simulation delay 98,simulation delay 99,delay renewal,delay mg1,delay no cong,simulation speed 0,simulation speed 1,simulation speed 2,simulation speed 3,simulation speed 4,simulation speed 5,simulation speed 6,simulation speed 7,simulation speed 8,simulation speed 9,simulation speed 10,simulation speed 11,simulation speed 12,simulation speed 13,simulation speed 14,simulation speed 15,simulation speed 16,simulation speed 17,simulation speed 18,simulation speed 19,simulation speed 20,simulation speed 21,simulation speed 22,simulation speed 23,simulation speed 24,simulation speed 25,simulation speed 26,simulation speed 27,simulation speed 28,simulation speed 29,simulation speed 30,simulation speed 31,simulation speed 32,simulation speed 33,simulation speed 34,simulation speed 35,simulation speed 36,simulation speed 37,simulation speed 38,simulation speed 39,simulation speed 40,simulation speed 41,simulation speed 42,simulation speed 43,simulation speed 44,simulation speed 45,simulation speed 46,simulation speed 47,simulation speed 48,simulation speed 49,simulation speed 50,simulation speed 51,simulation speed 52,simulation speed 53,simulation speed 54,simulation speed 55,simulation speed 56,simulation speed 57,simulation speed 58,simulation speed 59,simulation speed 60,simulation speed 61,simulation speed 62,simulation speed 63,simulation speed 64,simulation speed 65,simulation speed 66,simulation speed 67,simulation speed 68,simulation speed 69,simulation speed 70,simulation speed 71,simulation speed 72,simulation speed 73,simulation speed 74,simulation speed 75,simulation speed 76,simulation speed 77,simulation speed 78,simulation speed 79,simulation speed 80,simulation speed 81,simulation speed 82,simulation speed 83,simulation speed 84,simulation speed 85,simulation speed 86,simulation speed 87,simulation speed 88,simulation speed 89,simulation speed 90,simulation speed 91,simulation speed 92,simulation speed 93,simulation speed 94,simulation speed 95,simulation speed 96,simulation speed 97,simulation speed 98,simulation speed 99,deadlock sim0,deadlock sim1,deadlock sim2,deadlock sim3,deadlock sim4,deadlock sim5,deadlock sim6,deadlock sim7,deadlock sim8,deadlock sim9,deadlock sim10,deadlock sim11,deadlock sim12,deadlock sim13,deadlock sim14,deadlock sim15,deadlock sim16,deadlock sim17,deadlock sim18,deadlock sim19,deadlock sim20,deadlock sim21,deadlock sim22,deadlock sim23,deadlock sim24,deadlock sim25,deadlock sim26,deadlock sim27,deadlock sim28,deadlock sim29,deadlock sim30,deadlock sim31,deadlock sim32,deadlock sim33,deadlock sim34,deadlock sim35,deadlock sim36,deadlock sim37,deadlock sim38,deadlock sim39,deadlock sim40,deadlock sim41,deadlock sim42,deadlock sim43,deadlock sim44,deadlock sim45,deadlock sim46,deadlock sim47,deadlock sim48,deadlock sim49,deadlock sim50,deadlock sim51,deadlock sim52,deadlock sim53,deadlock sim54,deadlock sim55,deadlock sim56,deadlock sim57,deadlock sim58,deadlock sim59,deadlock sim60,deadlock sim61,deadlock sim62,deadlock sim63,deadlock sim64,deadlock sim65,deadlock sim66,deadlock sim67,deadlock sim68,deadlock sim69,deadlock sim70,deadlock sim71,deadlock sim72,deadlock sim73,deadlock sim74,deadlock sim75,deadlock sim76,deadlock sim77,deadlock sim78,deadlock sim79,deadlock sim80,deadlock sim81,deadlock sim82,deadlock sim83,deadlock sim84,deadlock sim85,deadlock sim86,deadlock sim87,deadlock sim88,deadlock sim89,deadlock sim90,deadlock sim91,deadlock sim92,deadlock sim93,deadlock sim94,deadlock sim95,deadlock sim96,deadlock sim97,deadlock sim98,deadlock sim99,max rho renewal,max rho mg1,max rho no cong,avg rho renewal,avg rho mg1,avg rho no cong,block rate renewal,block rate mg1,block rate no cong,block rate sim0,block rate sim1,block rate sim2,block rate sim3,block rate sim4,block rate sim5,block rate sim6,block rate sim7,block rate sim8,block rate sim9,block rate sim10,block rate sim11,block rate sim12,block rate sim13,block rate sim14,block rate sim15,block rate sim16,block rate sim17,block rate sim18,block rate sim19,block rate sim20,block rate sim21,block rate sim22,block rate sim23,block rate sim24,block rate sim25,block rate sim26,block rate sim27,block rate sim28,block rate sim29,block rate sim30,block rate sim31,block rate sim32,block rate sim33,block rate sim34,block rate sim35,block rate sim36,block rate sim37,block rate sim38,block rate sim39,block rate sim40,block rate sim41,block rate sim42,block rate sim43,block rate sim44,block rate sim45,block rate sim46,block rate sim47,block rate sim48,block rate sim49,block rate sim50,block rate sim51,block rate sim52,block rate sim53,block rate sim54,block rate sim55,block rate sim56,block rate sim57,block rate sim58,block rate sim59,block rate sim60,block rate sim61,block rate sim62,block rate sim63,block rate sim64,block rate sim65,block rate sim66,block rate sim67,block rate sim68,block rate sim69,block rate sim70,block rate sim71,block rate sim72,block rate sim73,block rate sim74,block rate sim75,block rate sim76,block rate sim77,block rate sim78,block rate sim79,block rate sim80,block rate sim81,block rate sim82,block rate sim83,block rate sim84,block rate sim85,block rate sim86,block rate sim87,block rate sim88,block rate sim89,block rate sim90,block rate sim91,block rate sim92,block rate sim93,block rate sim94,block rate sim95,block rate sim96,block rate sim97,block rate sim98,block rate sim99
0,182,174,179,176,187,179,176,176,175,177,177,185,179,175,177,176,177,177,186,174,175,174,172,183,174,175,176,180,180,176,177,176,178,176,179,178,178,182,176,176,176,174,176,177,176,175,176,174,177,180,180,175,183,175,178,179,178,177,172,182,174,179,176,177,175,176,176,175,178,181,180,177,179,181,177,171,178,175,179,178,177,174,178,178,179,172,178,179,173,179,174,179,178,178,178,176,177,177,176,178,177.51479289940826,177.51479289940826,177.51479289940826,0,0,0,0,0,0,0,0,0,0,0,0,0,0,0,0,0,0,0,0,0,0,0,0,0,0,0,0,0,0,0,0,0,0,0,0,0,0,0,0,0,0,0,0,0,0,0,0,0,0,0,0,0,0,0,0,0,0,0,0,0,0,0,0,0,0,0,0,0,0,0,0,0,0,0,0,0,0,0,0,0,0,0,0,0,0,0,0,0,0,0,0,0,0,0,0,0,0,0,0,0.0,0.0,0.0,0.614,0.6244,0.6214,0.6253,0.6046,0.6156,0.6251,0.6172,0.6234,0.6254,0.6257,0.6106,0.6249,0.6249,0.6206,0.6239,0.6207,0.6129,0.6048,0.63,0.62,0.6227,0.639,0.6173,0.624,0.6236,0.6272,0.6223,0.6188,0.6231,0.6261,0.6271,0.6147,0.6234,0.6202,0.6167,0.62,0.6143,0.6219,0.6332,0.6212,0.6275,0.6227,0.6216,0.6224,0.6222,0.616,0.6249,0.6249,0.6119,0.6156,0.6274,0.614,0.6205,0.6231,0.619,0.624,0.6201,0.6271,0.6104,0.632,0.6146,0.6288,0.6198,0.6274,0.6271,0.6175,0.6253,0.6136,0.6133,0.6211,0.6195,0.6202,0.6196,0.6226,0.631,0.622,0.6244,0.6162,0.6159,0.6205,0.6236,0.6207,0.6228,0.6182,0.6259,0.6184,0.6202,0.6227,0.6214,0.6228,0.6192,0.6168,0.6231,0.6159,0.634,0.6253,0.62,0.6207,0.6177,0,0,0,0,0,0,0,0,0,0,0,0,0,0,0,0,0,0,0,0,0,0,0,0,0,0,0,0,0,0,0,0,0,0,0,0,0,0,0,0,0,0,0,0,0,0,0,0,0,0,0,0,0,0,0,0,0,0,0,0,0,0,0,0,0,0,0,0,0,0,0,0,0,0,0,0,0,0,0,0,0,0,0,0,0,0,0,0,0,0,0,0,0,0,0,0,0,0,0,0,0.02366863905325447,0.02366863905325447,0.0,0.00391622547492993,0.00391622547492993,0.0,0.0,0.0,0.0,0.0,0.0,0.0,0.0,0.0,0.0,0.0,0.0,0.0,0.0,0.0,0.0,0.0,0.0,0.0,0.0,0.0,0.0,0.0,0.0,0.0,0.0,0.0,0.0,0.0,0.0,0.0,0.0,0.0,0.0,0.0,0.0,0.0,0.0,0.0,0.0,0.0,0.0,0.0,0.0,0.0,0.0,0.0,0.0,0.0,0.0,0.0,0.0,0.0,0.0,0.0,0.0,0.0,0.0,0.0,0.0,0.0,0.0,0.0,0.0,0.0,0.0,0.0,0.0,0.0,0.0,0.0,0.0,0.0,0.0,0.0,0.0,0.0,0.0,0.0,0.0,0.0,0.0,0.0,0.0,0.0,0.0,0.0,0.0,0.0,0.0,0.0,0.0,0.0,0.0,0.0,0.0,0.0,0.0,0.0,0.0,0.0,0.0,0.0,0.0
1,344,351,354,353,354,350,352,355,348,350,352,348,352,352,351,357,349,352,346,352,346,355,351,350,349,362,348,347,350,351,355,345,352,356,352,352,352,349,347,354,353,350,353,349,359,353,352,348,354,344,353,350,348,353,345,351,348,355,347,349,351,347,355,354,347,351,352,347,347,345,342,356,357,357,351,349,351,347,352,355,355,350,352,359,346,363,355,346,358,351,349,352,348,354,352,350,356,348,354,357,350.8660279055014,350.80948602108754,354.33174047121923,123,129,101,142,132,160,95,114,126,152,160,163,138,191,127,175,137,161,133,204,108,143,244,117,165,137,150,127,147,140,189,151,203,158,139,100,165,142,168,134,188,175,115,128,108,161,167,113,155,137,117,143,153,133,172,161,144,161,101,178,136,119,138,104,192,85,108,112,119,151,177,107,172,156,147,97,143,177,186,123,158,164,179,123,127,122,107,113,153,183,180,121,155,155,183,132,206,138,133,102,195.08887476723697,198.28136038624274,0.0,0.62035,0.618,0.6174,0.6174,0.6174,0.61695,0.62075,0.61355,0.62015,0.61705,0.6139,0.62,0.61585,0.6142,0.62155,0.6125,0.6198,0.6254,0.6192,0.61435,0.62075,0.61615,0.60815,0.61995,0.62335,0.61045,0.6215,0.62145,0.6187,0.62195,0.615,0.6207,0.61425,0.6111,0.62165,0.6173,0.61765,0.62045,0.61735,0.61305,0.61485,0.61665,0.6191,0.6189,0.61305,0.6082,0.6176,0.62255,0.6176,0.61825,0.61785,0.61925,0.6157,0.6137,0.6187,0.615,0.6216,0.61345,0.62255,0.6172,0.61945,0.62315,0.61845,0.61275,0.6201,0.6185,0.61615,0.6252,0.6236,0.61895,0.62365,0.6087,0.61005,0.61645,0.61955,0.619,0.61595,0.6152,0.6199,0.61815,0.6109,0.61325,0.61665,0.61045,0.62195,0.61035,0.6183,0.62665,0.61315,0.6145,0.6138,0.61775,0.6104,0.61575,0.614,0.62035,0.61105,0.62005,0.6119,0.612,0,0,0,0,0,0,0,0,0,0,0,0,0,0,0,0,0,0,0,0,0,0,0,0,0,0,0,0,0,0,0,0,0,0,0,0,0,0,0,0,0,0,0,0,0,0,0,0,0,0,0,0,0,0,0,0,0,0,0,0,0,0,0,0,0,0,0,0,0,0,0,0,0,0,0,0,0,0,0,0,0,0,0,0,0,0,0,0,0,0,0,0,0,0,0,0,0,0,0,0,0.0467807045346275,0.046773076802706426,0.0,0.007740359993722907,0.007739097905184646,0.0,2.4086958055903896e-07,2.4134053976242474e-07,0.0,0.0,0.0,0.0,0.0,0.0,0.0,0.0,0.0,0.0,0.0,0.0,0.0,0.0,0.0,0.0,0.0,0.0,0.0,0.0,0.0,0.0,0.0,0.0,0.0,0.0,0.0,0.0,0.0,0.0,0.0,0.0,0.0,0.0,0.0,0.0,0.0,0.0,0.0,0.0,0.0,0.0,0.0,0.0,0.0,0.0,0.0,0.0,0.0,0.0,0.0,0.0,0.0,0.0,0.0,0.0,0.0,0.0,0.0,0.0,0.0,0.0,0.0,0.0,0.0,0.0,0.0,0.0,0.0,0.0,0.0,0.0,0.0,0.0,0.0,0.0,0.0,0.0,0.0,0.0,0.0,0.0,0.0,0.0,0.0,0.0,0.0,0.0,0.0,0.0,0.0,0.0,0.0,0.0,0.0,0.0,0.0,0.0,0.0,0.0,0.0
2,526,522,517,524,519,525,525,523,519,530,523,519,520,523,528,521,529,528,526,523,527,527,525,526,519,522,525,524,523,521,531,521,519,515,519,527,520,528,523,522,527,524,532,522,524,534,524,515,522,520,519,531,514,522,527,524,520,525,516,520,526,528,521,521,521,522,524,524,526,530,525,519,525,525,523,535,521,529,522,523,529,520,522,530,532,523,520,523,521,520,526,519,527,522,529,517,524,525,520,518,520.2532248090881,519.9275826766902,530.3668743988962,417,517,433,417,525,468,443,451,476,432,421,410,489,451,474,517,434,487,475,442,448,477,502,480,440,541,447,484,426,444,447,484,484,581,585,492,494,468,446,481,448,451,476,464,498,447,380,536,476,448,455,458,493,363,400,408,415,444,477,480,466,431,480,550,446,457,473,494,465,508,586,481,424,461,409,496,465,469,441,508,421,408,407,486,360,437,443,440,441,446,481,474,439,402,466,434,536,411,575,407,571.7017210813692,590.1535813804979,0.0,0.6113999999999999,0.6112333333333332,0.6163,0.6137,0.6104,0.6108,0.6082666666666667,0.6121666666666666,0.6168666666666666,0.6056,0.6129333333333334,0.6170999999999999,0.6103,0.6097666666666666,0.6062666666666666,0.6116,0.6061666666666666,0.6052333333333333,0.6144333333333334,0.6134,0.6099666666666668,0.6105,0.6097,0.6076999999999999,0.6153666666666667,0.6115333333333333,0.6079,0.6079333333333333,0.6154,0.6117,0.6084666666666666,0.6111,0.6118,0.6127666666666668,0.6126666666666668,0.6092666666666666,0.61,0.6149,0.6129666666666667,0.6121,0.6113333333333333,0.6149666666666667,0.6055666666666666,0.6101,0.6107333333333332,0.6078999999999999,0.6166,0.6102666666666666,0.6091666666666667,0.6116666666666666,0.6134000000000001,0.6135333333333334,0.6168333333333333,0.6131333333333334,0.6162333333333333,0.6129,0.6163333333333334,0.6091,0.6185333333333332,0.6107333333333334,0.6108666666666666,0.6085,0.6139,0.6095333333333333,0.6097666666666666,0.6162666666666667,0.6113,0.6102333333333334,0.6082,0.6035333333333333,0.6065,0.6118333333333332,0.6158,0.6079000000000001,0.6126666666666667,0.6057333333333333,0.6145,0.6081333333333333,0.6129666666666667,0.6123,0.6112,0.6146666666666667,0.6139333333333333,0.6075333333333333,0.6121000000000001,0.6137333333333334,0.6166666666666666,0.6109,0.6156333333333333,0.6122333333333333,0.6081666666666666,0.6141,0.6089333333333333,0.6108666666666666,0.6056666666666666,0.6115999999999999,0.6137333333333334,0.6149,0.6107333333333334,0.6146,0,0,0,0,0,0,0,0,0,0,0,0,0,0,0,0,0,0,0,0,0,0,0,0,0,0,0,0,0,0,0,0,0,0,0,0,0,0,0,0,0,0,0,0,0,0,0,0,0,0,0,0,0,0,0,0,0,0,0,0,0,0,0,0,0,0,0,0,0,0,0,0,0,0,0,0,0,0,0,0,0,0,0,0,0,0,0,0,0,0,0,0,0,0,0,0,0,0,0,0,0.0693531015143635,0.06930801408312276,0.0,0.011475200678198962,0.011467740488095646,0.0,1.1794653926594689e-06,1.1760523931499041e-06,0.0,0.0,0.0,0.0,0.0,0.0,0.0,0.0,0.0,0.0,0.0,0.0,0.0,0.0,0.0,0.0,0.0,0.0,0.0,0.0,0.0,0.0,0.0,0.0,0.0,0.0,0.0,0.0,0.0,0.0,0.0,0.0,0.0,0.0,0.0,0.0,0.0,0.0,0.0,0.0,0.0,0.0,0.0,0.0,0.0,0.0,0.0,0.0,0.0,0.0,0.0,0.0,0.0,0.0,0.0,0.0,0.0,0.0,0.0,0.0,0.0,0.0,0.0,0.0,0.0,0.0,0.0,0.0,0.0,0.0,0.0,0.0,0.0,0.0,0.0,0.0,0.0,0.0,0.0,0.0,0.0,0.0,0.0,0.0,0.0,0.0,0.0,0.0,0.0,0.0,0.0,0.0,0.0,0.0,0.0,0.0,0.0,0.0,0.0,0.0,0.0
3,699,691,684,695,688,695,702,687,690,698,680,695,693,692,700,694,696,695,688,694,687,680,693,683,686,685,708,695,690,694,693,694,689,688,685,696,698,701,694,699,686,696,687,688,697,700,692,696,694,687,708,697,698,693,689,692,683,693,699,692,682,693,691,688,697,697,694,689,692,696,688,694,689,698,692,685,687,693,680,699,690,694,695,690,691,694,698,694,693,699,692,691,692,695,699,683,694,698,689,688,685.8422403609178,684.9021532198944,705.5236255271456,789,1036,826,865,881,937,818,991,759,953,881,981,1035,891,1017,891,1094,1018,869,918,1101,928,931,1119,961,799,812,911,866,912,918,999,953,848,997,886,833,793,942,900,961,859,845,916,1004,1029,1036,969,840,1008,939,862,949,957,942,933,920,886,876,888,1031,885,823,868,912,1023,851,1014,936,941,904,1036,886,938,922,990,882,950,814,977,924,1018,940,820,905,945,914,1046,876,942,965,919,999,1007,1027,907,979,846,956,879,1118.224517219794,1171.8079291944262,0.0,0.6092,0.605575,0.6132,0.609975,0.6136,0.60515,0.607775,0.603525,0.608775,0.604825,0.6119,0.6071,0.6043,0.60405,0.6061,0.60765,0.602625,0.60235,0.61115,0.608225,0.604725,0.6052,0.60665,0.604825,0.60495,0.612425,0.603925,0.608325,0.60745,0.604175,0.608,0.604575,0.60905,0.609275,0.609725,0.606775,0.60715,0.60805,0.606475,0.60375,0.6098,0.60785,0.610175,0.609775,0.600525,0.5994,0.602675,0.602475,0.61055,0.6075,0.60395,0.607925,0.600725,0.606475,0.607075,0.60655,0.61255,0.60415,0.6069,0.608975,0.605325,0.607275,0.612175,0.6086,0.60655,0.60355,0.60585,0.6065,0.60285,0.604675,0.60885,0.60535,0.606475,0.60635,0.6058,0.605025,0.611375,0.605725,0.615975,0.6001,0.60775,0.601425,0.607675,0.60925,0.60325,0.60545,0.60585,0.6052,0.6085,0.60465,0.60505,0.6046,0.602875,0.603725,0.6024,0.60925,0.607575,0.608225,0.6068,0.609975,0,0,0,0,0,0,0,0,0,0,0,0,0,0,0,0,0,0,0,0,0,0,0,0,0,0,0,0,0,0,0,0,0,0,0,0,0,0,0,0,0,0,0,0,0,0,0,0,0,0,0,0,0,0,0,0,0,0,0,0,0,0,0,0,0,0,0,0,0,0,0,0,0,0,0,0,0,0,0,0,0,0,0,0,0,0,0,0,0,0,0,0,0,0,0,0,0,0,0,0,0.09144698296280401,0.09132203794082616,0.0,0.015130865931016587,0.015110192461919596,0.0,3.6012210762831823e-06,3.5863001484936398e-06,0.0,0.0,0.0,0.0,0.0,0.0,0.0,0.0,0.0,0.0,0.0,0.0,0.0,0.0,0.0,0.0,0.0,0.0,0.0,0.0,0.0,0.0,0.0,0.0,0.0,0.0,0.0,0.0,0.0,0.0,0.0,0.0,0.0,0.0,0.0,0.0,0.0,0.0,0.0,0.0,0.0,0.0,0.0,0.0,0.0,0.0,0.0,0.0,0.0,0.0,0.0,0.0,0.0,0.0,0.0,0.0,0.0,0.0,0.0,0.0,0.0,0.0,0.0,0.0,0.0,0.0,0.7200000000000001,0.0,0.0,0.0,0.0,0.36000000000000004,0.0,0.0,0.0,0.0,0.0,0.0,0.7200000000000001,0.0,0.0,0.0,0.0,0.0,0.0,0.0,0.0,0.0,0.0,0.0,0.0,0.0,0.0,0.0,0.0,0.0,0.0,0.0,0.0,0.0,0.0
4,853,852,856,859,854,857,854,857,854,861,857,861,860,849,854,854,855,867,861,864,861,860,855,860,857,864,858,869,859,863,866,864,869,856,859,850,854,859,852,855,864,859,860,853,876,858,861,860,859,859,855,845,860,857,867,855,853,852,854,849,870,858,845,852,850,852,853,844,863,865,859,853,858,856,851,849,856,857,852,854,858,856,854,863,858,860,860,857,854,864,858,848,860,864,855,861,859,863,852,850,847.786594895456,845.7782274271622,879.6906680071924,1614,1633,1561,1524,1415,1680,1727,1515,1463,1403,1576,1680,1642,1674,1483,1778,1495,1562,1658,1537,1504,1617,1663,1526,1633,1491,1662,1541,1487,1665,1727,1713,1719,1631,1479,1590,1570,1409,1648,1615,1587,1578,1672,1666,1733,1545,1574,1609,1431,1514,1499,1633,1472,1574,1487,1675,1399,1609,1725,1696,1517,1559,1717,1483,1633,1543,1573,1646,1505,1560,1660,1536,1562,1661,1729,1753,1685,1614,1729,1728,1559,1555,1551,1648,1510,1725,1572,1595,1511,1676,1406,1552,1654,1578,1464,1476,1526,1629,1543,1798,1822.6409949012807,1937.7448840716418,0.0,0.60092,0.6017,0.60158,0.6035,0.6063,0.6004400000000001,0.5982200000000001,0.60366,0.60324,0.6040800000000001,0.60024,0.5972799999999999,0.59824,0.6027399999999999,0.6034800000000001,0.5997399999999999,0.6040399999999999,0.60216,0.59772,0.59556,0.6022200000000001,0.60224,0.6000200000000001,0.5997199999999999,0.5995,0.59904,0.60106,0.59972,0.5974400000000001,0.59938,0.5983799999999999,0.59604,0.59582,0.60304,0.60344,0.6026800000000001,0.6031,0.60914,0.60212,0.6040800000000001,0.60028,0.59964,0.5984999999999999,0.6053,0.5935599999999999,0.60074,0.6002,0.5960599999999999,0.6024799999999999,0.6050800000000001,0.60298,0.60646,0.6038399999999999,0.5972,0.6009,0.605,0.60592,0.6051,0.59972,0.59848,0.60274,0.60232,0.6014599999999999,0.6034200000000001,0.60356,0.60498,0.60218,0.6052,0.60244,0.60132,0.59926,0.60466,0.6007,0.59826,0.59852,0.59982,0.60216,0.60164,0.6010999999999999,0.5982,0.6032599999999999,0.6037399999999999,0.60256,0.5996400000000001,0.6027399999999999,0.59822,0.60388,0.60402,0.59986,0.5985199999999999,0.60214,0.6033,0.5997600000000001,0.5985,0.60434,0.6037600000000001,0.60582,0.60002,0.60526,0.59844,0,0,0,0,0,0,0,0,1,0,0,0,0,0,0,0,0,0,0,0,0,0,0,0,0,0,0,0,0,0,0,0,0,0,0,0,0,0,0,0,0,0,0,0,0,1,0,0,0,0,0,0,0,0,0,0,0,0,0,0,0,0,0,0,0,0,2,0,0,0,0,0,0,0,0,0,0,0,0,0,0,0,0,0,0,0,0,0,0,0,0,0,0,0,0,0,0,0,0,0,0.11304232519196675,0.1127762058093399,0.0,0.01870404262222343,0.018660010369111184,0.0,8.485818497569524e-06,8.407357506203485e-06,0.0,0.0,0.0,0.0,0.0,0.0,0.0,0.0,0.0,1.4400000000000002,0.0,0.0,0.36000000000000004,0.0,0.7200000000000001,0.0,0.0,0.0,0.0,0.0,0.0,0.0,0.0,0.0,0.0,0.0,0.0,1.8,0.0,0.0,0.0,0.0,0.0,0.0,0.0,0.36000000000000004,0.0,0.0,0.0,0.0,0.0,0.36000000000000004,1.0799999999999998,0.0,0.0,0.0,0.0,0.0,0.36000000000000004,0.0,0.0,0.0,1.0799999999999998,0.0,0.0,0.36000000000000004,0.7200000000000001,0.0,0.36000000000000004,0.0,0.0,0.0,0.0,0.0,0.0,0.0,0.0,0.36000000000000004,1.0799999999999998,0.0,0.0,0.36000000000000004,0.0,0.36000000000000004,0.0,0.0,0.7200000000000001,0.0,0.36000000000000004,0.0,0.0,0.0,0.0,0.0,0.0,0.0,0.7200000000000001,0.0,0.0,0.36000000000000004,0.36000000000000004,0.0,0.0,0.0,0.36000000000000004,0.0,0.0,0.0,0.0,0.36000000000000004,0.36000000000000004
5,1012,1020,1019,1014,1018,1028,1007,1026,1011,1015,1028,1014,1020,1023,1026,1018,1011,1005,1013,1011,1015,1012,1007,1018,1022,1020,1028,1024,1020,1019,1024,1012,1015,1014,1025,1016,1019,1014,1021,1006,1017,1015,1016,1016,1008,1015,1021,1027,1012,1026,1016,1016,1028,1007,1018,1022,1015,1020,1018,1032,1023,1027,1016,1031,1025,1022,1032,1008,1027,1030,1009,1025,1015,1021,1017,1024,1014,1014,1024,1008,1024,1016,1016,1008,1019,1021,1020,1024,1027,1021,1040,1022,1009,1018,1015,1013,1011,1018,1021,1020,1006.2098469570433,1002.5890830764092,1052.7393814349318,2358,2417,2302,2453,2272,2227,2545,2238,2551,2702,2440,2545,2350,2225,2475,2476,2436,2520,2453,2351,2539,2308,2389,2440,2677,2355,2250,2262,2528,2421,2467,2346,2487,2551,2699,2511,2244,2446,2358,2505,2462,2357,2479,2289,2364,2484,2332,2567,2361,2263,2376,2499,2548,2364,2553,2163,2696,2488,2272,2411,2440,2367,2453,2372,2553,2441,2336,2435,2331,2509,2608,2263,2498,2467,2518,2582,2348,2605,2346,2442,2572,2433,2427,2556,2398,2229,2305,2477,2175,2252,2397,2387,2361,2500,2235,2702,2522,2422,2350,2318,2674.6320141829074,2883.4316292717535,0.0,0.5970166666666666,0.5992833333333334,0.5962666666666666,0.5962333333333332,0.59975,0.5979333333333333,0.5960166666666668,0.5996833333333332,0.5955833333333334,0.5913666666666667,0.59565,0.5953666666666667,0.5951333333333333,0.5982666666666666,0.5956333333333333,0.5958333333333332,0.59765,0.6001833333333334,0.5955833333333334,0.59995,0.5948166666666667,0.6003333333333334,0.60115,0.598,0.59185,0.5957,0.5960166666666668,0.5960833333333334,0.5987,0.5973,0.5933833333333333,0.6000333333333334,0.5977,0.5950333333333334,0.5928,0.5964,0.5993166666666666,0.5978,0.5987666666666666,0.5980833333333334,0.5946833333333333,0.5950166666666666,0.5950166666666666,0.6002666666666666,0.5996166666666666,0.5977,0.595,0.5932833333333333,0.5975166666666666,0.5972666666666667,0.5931666666666666,0.5962666666666666,0.5941833333333333,0.6018833333333334,0.5962666666666666,0.59935,0.5896666666666667,0.59765,0.5983166666666666,0.59545,0.5932,0.5966166666666667,0.5961666666666667,0.5928333333333334,0.5958833333333334,0.5947666666666667,0.5946166666666667,0.5966333333333332,0.5959833333333333,0.5883,0.5962833333333333,0.5998166666666666,0.5976333333333332,0.5949166666666666,0.5958166666666667,0.5898333333333332,0.5987166666666667,0.5948166666666667,0.5989333333333333,0.5984,0.5897666666666667,0.5965166666666666,0.5971666666666667,0.5971,0.5965333333333334,0.5987666666666666,0.5989833333333333,0.5944,0.5989166666666667,0.5986333333333334,0.59115,0.5943833333333333,0.6001333333333333,0.5933666666666666,0.5989333333333332,0.5971833333333333,0.5987166666666666,0.5985,0.5965666666666666,0.5970166666666668,0,0,0,0,1,0,0,0,1,0,0,0,0,0,0,0,0,0,0,0,1,0,0,0,0,0,0,0,1,0,0,0,0,0,0,0,0,0,0,0,0,0,1,0,0,0,0,0,0,0,0,1,0,0,0,0,0,0,0,0,0,0,0,0,0,0,0,0,0,1,0,0,1,0,1,0,0,0,0,0,0,0,0,0,0,0,0,0,0,0,0,0,0,0,0,0,0,0,0,0,0.13417084370452295,0.13369303140398592,0.0,0.022199978415583875,0.022120919340856898,0.0,1.697501296441587e-05,1.6717263735455515e-05,0.0,0.7200000000000001,0.36000000000000004,1.4400000000000002,0.36000000000000004,0.7200000000000001,1.8,0.0,3.2399999999999998,0.7200000000000001,0.36000000000000004,0.7200000000000001,0.7200000000000001,1.4400000000000002,0.7200000000000001,0.0,0.0,1.0799999999999998,1.8,3.9600000000000004,0.7200000000000001,1.0799999999999998,0.0,0.36000000000000004,0.7200000000000001,5.4,0.36000000000000004,0.0,0.0,0.36000000000000004,1.4400000000000002,0.0,0.0,0.0,0.7200000000000001,0.0,0.0,0.0,0.0,0.7200000000000001,1.0799999999999998,1.8,0.36000000000000004,0.0,0.0,0.0,0.36000000000000004,0.0,0.36000000000000004,0.0,0.0,0.0,2.52,0.7200000000000001,0.0,1.0799999999999998,0.0,2.52,1.4400000000000002,1.4400000000000002,0.0,0.36000000000000004,0.0,0.0,1.0799999999999998,0.0,2.1599999999999997,0.0,0.0,1.4400000000000002,0.36000000000000004,1.4400000000000002,1.8,0.0,2.52,0.0,1.8,0.0,0.36000000000000004,0.0,0.0,0.0,2.8800000000000003,0.0,0.0,0.0,0.36000000000000004,0.0,0.0,0.0,1.0799999999999998,0.36000000000000004,1.8,0.0,0.0,0.0,0.0,0.0,0.0,0.0,0.36000000000000004
6,1185,1183,1172,1165,1177,1161,1192,1167,1175,1182,1172,1178,1184,1181,1173,1172,1164,1177,1185,1184,1176,1170,1175,1174,1187,1179,1183,1180,1182,644,1178,1175,1173,1163,1161,1174,1168,1178,1191,1177,1167,1180,1175,1167,1186,1175,1172,1177,1177,1164,1181,1177,1195,1172,1172,1176,1177,1172,1187,1183,1191,1178,1181,1182,1176,1181,1184,1182,1171,1169,1188,1168,1179,1180,1190,1174,1172,1176,1187,1184,1175,1177,1191,1166,1176,1186,1182,1178,951,1176,1170,1188,1181,1168,1178,1181,1173,1171,1182,1182,1161.2169473262852,1155.3677081280034,1224.5208732259293,3567,3793,3711,3575,3603,3654,3471,3585,3410,3640,3542,3482,3728,3447,3775,3451,3794,3403,3451,3175,3378,3590,3719,3435,3443,3468,3524,3577,3379,33305,3476,3499,3403,3612,3643,3505,3736,3701,3255,4050,3744,3709,3769,3499,3356,3417,3589,3190,3484,3660,3450,3302,3569,3653,3633,3465,3331,3685,3390,3657,3407,3664,3467,3461,3537,3573,3707,3530,3548,3428,3620,3559,3487,3562,3411,3410,3501,3734,3383,3442,3334,3482,3745,3461,3384,3428,3597,3338,16201,3498,3381,3397,3353,3379,3664,3715,3616,3477,3551,3235,3664.2981854842747,4003.9658541794774,0.0,0.5859571428571427,0.5853714285714284,0.5891428571428571,0.589642857142857,0.5895,0.5907142857142856,0.5870428571428571,0.5887,0.5937285714285714,0.5858714285714285,0.5916571428571428,0.5910571428571428,0.5846285714285714,0.5896857142857141,0.5892428571428571,0.5928714285714285,0.5892999999999999,0.5927,0.591742857142857,0.5949857142857143,0.5944571428571428,0.5895571428571428,0.5878,0.5925285714285714,0.5882857142857142,0.5883285714285714,0.5885142857142857,0.587342857142857,0.5911571428571427,0.32635714285714285,0.5929285714285714,0.5894714285714285,0.5932142857142856,0.5913285714285714,0.5904714285714284,0.5872142857142857,0.5868,0.5852714285714287,0.5904857142857142,0.5804285714285714,0.5868142857142857,0.5883857142857142,0.5866714285714284,0.5919714285714285,0.590542857142857,0.5907428571428571,0.5884142857142857,0.593642857142857,0.5891714285714286,0.589642857142857,0.5920142857142857,0.5918857142857142,0.5843714285714285,0.5879571428571428,0.589442857142857,0.591742857142857,0.5935714285714285,0.5901,0.5896714285714285,0.5863714285714287,0.5871571428571428,0.5888999999999999,0.5902428571428571,0.5894142857142857,0.5893857142857142,0.5910571428571428,0.5862857142857143,0.5884428571428573,0.5893142857142856,0.5951857142857142,0.5898571428571427,0.5927142857142856,0.5897142857142856,0.5875999999999999,0.5883714285714284,0.5908857142857143,0.5943714285714284,0.5853714285714284,0.5921428571428572,0.5888857142857142,0.5917285714285714,0.5919142857142857,0.5840142857142857,0.5914285714285714,0.5893142857142857,0.5914142857142857,0.5909714285714285,0.5933285714285714,0.4756428571428571,0.5913428571428571,0.5929857142857141,0.5898285714285714,0.5891,0.5930428571428571,0.5864999999999999,0.5878857142857143,0.5882857142857141,0.5887285714285715,0.5898999999999999,0.5915857142857142,0,1,0,0,0,1,0,0,2,0,1,0,0,1,0,0,1,1,0,0,1,0,0,0,1,2,0,1,0,0,1,0,0,0,0,1,0,1,0,1,0,0,0,0,1,0,0,0,0,0,1,0,0,2,0,0,0,0,0,0,0,0,1,0,0,0,0,0,0,0,0,1,0,1,0,0,1,0,1,1,0,0,1,2,0,0,0,0,1,1,0,0,1,0,1,0,0,1,0,0,0.1548475388272723,0.15407962193750602,0.0,0.02562115527306511,0.0254940953403176,0.0,3.031475045679658e-05,2.971066060515112e-05,0.0,0.0,7.56,0.36000000000000004,0.0,0.0,2.1599999999999997,0.0,1.0799999999999998,3.6,2.8800000000000003,1.4400000000000002,1.4400000000000002,1.4400000000000002,0.7200000000000001,1.0799999999999998,0.0,2.1599999999999997,0.7200000000000001,0.0,0.0,1.8,1.4400000000000002,5.4,1.4400000000000002,1.0799999999999998,0.7200000000000001,1.8,2.8800000000000003,1.4400000000000002,1612.08,1.4400000000000002,1.0799999999999998,0.0,1.4400000000000002,1.4400000000000002,3.9600000000000004,2.1599999999999997,1.0799999999999998,0.36000000000000004,1.8,5.760000000000001,1.8,4.68,3.2399999999999998,1.4400000000000002,2.1599999999999997,0.36000000000000004,0.7200000000000001,2.1599999999999997,1.8,0.7200000000000001,0.0,1.8,1.0799999999999998,4.319999999999999,3.2399999999999998,1.4400000000000002,5.04,0.36000000000000004,1.0799999999999998,0.36000000000000004,1.4400000000000002,1.4400000000000002,0.0,2.1599999999999997,0.0,3.2399999999999998,2.52,0.36000000000000004,1.4400000000000002,1.0799999999999998,1.8,2.1599999999999997,2.8800000000000003,2.8800000000000003,0.0,0.36000000000000004,1.8,2.52,1.0799999999999998,0.0,1.4400000000000002,3.6,0.7200000000000001,1.4400000000000002,0.36000000000000004,2.1599999999999997,1.8,691.2,3.2399999999999998,1.4400000000000002,1.0799999999999998,0.36000000000000004,1.8,3.2399999999999998,1.4400000000000002,2.8800000000000003,0.7200000000000001,0.36000000000000004,1.0799999999999998
7,1329,1343,1321,1324,1333,1336,1342,1344,1332,1318,1338,1323,1334,1335,1329,1317,1337,1328,1333,1344,1331,1328,1343,1307,1326,1320,1346,1325,1332,1317,1336,226,1339,1334,1336,1327,1334,1343,1322,1330,1341,1332,1336,1318,1319,1345,1330,1342,1336,1320,1330,1328,1347,1338,1318,1330,509,1327,181,1323,1323,1331,1334,1345,1340,1325,1334,1328,1333,1341,1330,1334,1334,1332,1337,1331,1340,1335,1340,1325,1315,1339,1324,1322,1331,1338,1329,485,1330,1329,1342,1325,1327,1343,1326,1325,1331,1341,1332,1336,1312.907567774596,1304.1755396204946,1394.8625026365971,4827,4692,4750,5017,5054,4886,4391,4795,4826,4809,4616,5058,4787,4622,4863,4396,5014,4921,4641,4669,4951,4901,4935,4918,5048,5022,5056,4828,4684,5028,4775,67218,4828,4494,4831,5064,4555,4743,4638,5039,4681,4641,4928,4874,5153,4670,5131,4699,4776,5082,4642,4678,4381,4518,4837,4859,51231,4826,69409,4883,4769,4953,4884,4903,4749,4803,4636,4835,4872,4862,4954,4576,4767,4781,4357,4898,4797,4515,4819,5405,4989,4736,4854,4875,4633,4795,4824,52907,4631,4830,4451,4627,4605,4724,4897,5024,4885,4738,4767,4582,4780.500638037448,5290.641531315057,0.0,0.5859875,0.5809875,0.58385,0.584725,0.58105,0.58225,0.5841625,0.5785375,0.584075,0.587575,0.5848625,0.58355,0.5826375,0.58505,0.5823,0.591025,0.579975,0.5849,0.5859125,0.5832125,0.5831125,0.58165,0.5795375,0.587975,0.5796375,0.5823375,0.5793625,0.584475,0.5851875,0.5833,0.583475,0.0989875,0.5805,0.5883875,0.582225,0.581975,0.585975,0.5817625,0.58595,0.5809125,0.5848375,0.5850125,0.581525,0.5842375,0.5828375,0.5823125,0.5830375,0.5815125,0.5836625,0.5853375,0.5852,0.58655,0.5874,0.5868625,0.585275,0.582375,0.222875,0.5839875,0.082975,0.5844875,0.5859375,0.5840125,0.580875,0.5800625,0.582825,0.58505,0.58795,0.5863625,0.581675,0.5818625,0.57855,0.5878375,0.5824125,0.58585,0.5886625,0.5813875,0.582225,0.58635,0.5813625,0.5768125,0.583575,0.5848,0.5841375,0.5827,0.587175,0.581875,0.581775,0.2088625,0.58465,0.5842,0.5877375,0.5899875,0.590625,0.5836125,0.5830375,0.580725,0.5822125,0.5820375,0.5842125,0.586225,1,0,0,2,0,1,0,0,1,0,1,1,2,0,0,0,1,0,0,1,1,1,0,3,0,0,0,2,1,0,1,0,0,3,3,2,0,1,0,0,0,0,0,2,0,0,0,0,0,1,2,0,0,0,1,0,0,1,1,1,0,1,0,1,0,0,0,0,0,0,0,0,1,0,0,1,0,0,1,2,0,1,2,1,0,0,0,0,1,1,0,0,1,1,0,0,0,0,0,1,0.17505244141838705,0.17388587341519599,0.0,0.028964269089950225,0.02877124813415907,0.0,4.9845152382672454e-05,4.850957157770105e-05,0.0,5.04,1.0799999999999998,2.8800000000000003,9.36,4.68,4.319999999999999,2.8800000000000003,1.0799999999999998,5.760000000000001,2.52,1.8,11.16,2.1599999999999997,3.9600000000000004,3.9600000000000004,3.9600000000000004,3.2399999999999998,7.56,0.36000000000000004,2.52,1.4400000000000002,2.1599999999999997,5.760000000000001,5.04,5.04,2.52,9.36,3.2399999999999998,2.8800000000000003,5.04,2.1599999999999997,2994.8399999999997,2.52,3.6,3.6,5.4,1.4400000000000002,3.6,0.7200000000000001,1.4400000000000002,3.6,4.68,5.4,4.68,12.6,5.760000000000001,1.8,3.6,0.7200000000000001,4.68,2.52,2.8800000000000003,2.1599999999999997,1.4400000000000002,1.4400000000000002,3.2399999999999998,2245.6800000000003,6.4799999999999995,3100.68,2.8800000000000003,3.6,3.2399999999999998,5.760000000000001,3.9600000000000004,3.2399999999999998,5.04,7.2,7.2,0.36000000000000004,1.8,3.2399999999999998,1.8,5.4,1.0799999999999998,3.2399999999999998,3.9600000000000004,2.52,3.6,2.8800000000000003,5.760000000000001,6.4799999999999995,1.4400000000000002,3.9600000000000004,1.4400000000000002,3.9600000000000004,3.6,3.9600000000000004,2315.88,6.119999999999999,6.4799999999999995,0.36000000000000004,7.2,5.760000000000001,1.0799999999999998,3.6,4.68,3.2399999999999998,3.2399999999999998,2.1599999999999997,2.8800000000000003
8,1480,1473,1497,1480,1481,1479,1489,1477,1484,1477,1478,1494,1470,1466,1483,1486,1472,1470,1495,1467,1488,1496,1489,1487,1480,1482,1493,1487,1481,1478,1461,1483,1479,1483,1241,1464,1483,1481,1477,1486,1481,1488,1472,1480,1482,1477,1312,1484,1493,1479,1488,1483,1471,1484,1456,1464,1478,1469,1478,1479,1477,1471,1477,1478,1475,1466,1471,1481,1494,1500,1468,1469,1480,1492,1481,1485,1479,1486,1484,1482,1470,1488,1477,1482,1490,1486,1478,1479,1488,1480,1476,1493,1489,763,1465,1487,1484,1479,1485,1481,1461.3308137875401,1449.0067538538685,1563.563852681458,6384,6597,6345,6464,6213,6195,6576,6198,6580,6031,6685,6218,6382,6340,6611,6318,6701,6371,6375,6629,6186,5888,6294,6558,6330,6265,6034,6539,6313,6493,6876,6134,6175,6401,20138,6559,6412,6501,6251,6233,6348,6190,6661,6654,6676,6482,15820,6261,5890,6309,6196,6059,6285,6433,6258,6315,6495,6616,6269,6654,6893,6512,6338,6098,6279,6208,6293,6385,6213,5971,6561,6387,6553,6015,6078,6706,6717,6184,6618,6597,6357,6420,6372,6452,6482,6238,5787,6205,6458,6108,6303,6260,6084,46740,6177,6389,6081,6397,6098,6586,6016.390289494,6742.111298913706,0.0,0.5774333333333332,0.5784666666666667,0.5750333333333333,0.5750777777777777,0.5782444444444444,0.5786888888888889,0.5731,0.5784888888888888,0.5737888888888889,0.5821,0.573,0.5763888888888888,0.5813555555555556,0.5795,0.5748333333333333,0.5742,0.5753555555555555,0.5799,0.5738555555555556,0.5760888888888889,0.5805444444444444,0.5789888888888889,0.5754333333333334,0.5740444444444445,0.5745555555555557,0.5770222222222222,0.5770555555555555,0.5742333333333334,0.5763888888888888,0.5760111111111111,0.5765111111111111,0.5785666666666666,0.5796222222222221,0.5754444444444445,0.47921111111111114,0.5764,0.5779222222222222,0.5773555555555555,0.5797777777777777,0.5757111111111111,0.5806333333333333,0.5777999999999999,0.5737444444444445,0.5745,0.5737888888888889,0.5752777777777778,0.5125,0.5780222222222222,0.5811,0.5772555555555555,0.5773777777777778,0.5793333333333333,0.5803333333333334,0.5766333333333333,0.5825222222222223,0.5800888888888889,0.5771111111111112,0.5764555555555555,0.5792777777777778,0.5742111111111111,0.5724,0.5763888888888888,0.5780111111111111,0.5816666666666666,0.5786444444444445,0.5797444444444445,0.5783555555555556,0.5787888888888889,0.5766222222222221,0.5796666666666666,0.5787666666666667,0.577388888888889,0.5763444444444444,0.5789111111111112,0.5782111111111111,0.5734888888888888,0.5734222222222223,0.5787777777777777,0.5752111111111111,0.5746,0.5793444444444444,0.5751666666666667,0.5775888888888888,0.5762888888888889,0.5764111111111111,0.5765555555555555,0.5830222222222221,0.5795444444444444,0.5758555555555555,0.5817555555555556,0.5759444444444445,0.5767555555555556,0.5805333333333333,0.2992888888888889,0.5814888888888888,0.5751444444444445,0.5795666666666666,0.5747666666666666,0.5794666666666667,0.5745333333333333,0,0,2,2,0,2,1,3,0,2,1,2,0,2,0,4,0,3,2,1,1,0,1,2,2,0,1,0,2,2,1,1,1,0,2,0,0,1,0,1,2,0,1,0,2,1,0,1,0,3,2,0,1,0,2,1,1,2,2,1,0,0,3,0,1,1,1,1,0,0,1,2,2,1,0,1,3,2,1,1,1,1,0,0,0,1,1,2,1,2,2,3,1,0,0,2,2,2,0,4,0.19484074005226693,0.19319262660490907,0.0,0.03223845139680602,0.03196575367837807,0.0,7.696416374556004e-05,7.435946546010921e-05,0.0,18.0,12.239999999999998,3.2399999999999998,11.520000000000001,6.119999999999999,9.36,8.639999999999999,6.119999999999999,6.119999999999999,3.9600000000000004,10.08,6.4799999999999995,3.9600000000000004,13.68,9.72,7.920000000000001,23.4,11.16,6.119999999999999,8.639999999999999,5.760000000000001,12.239999999999998,7.920000000000001,11.520000000000001,3.2399999999999998,10.44,9.36,15.48,6.4799999999999995,5.760000000000001,33.48,5.04,6.119999999999999,5.760000000000001,603.0,6.119999999999999,3.9600000000000004,13.68,12.239999999999998,8.28,16.2,3.9600000000000004,6.119999999999999,8.28,16.2,6.84,410.40000000000003,7.56,5.4,7.920000000000001,4.319999999999999,4.319999999999999,2.1599999999999997,6.119999999999999,9.72,5.4,7.2,12.6,2.52,10.08,16.2,9.0,6.4799999999999995,4.68,9.0,7.56,7.2,14.04,5.4,5.760000000000001,9.36,12.6,11.88,2.8800000000000003,1.8,11.88,9.72,7.920000000000001,5.04,3.6,21.24,5.04,1.8,10.44,16.92,3.6,6.84,9.36,8.28,4.319999999999999,2.1599999999999997,11.520000000000001,8.28,1753.92,4.319999999999999,3.6,3.9600000000000004,4.319999999999999,8.639999999999999,8.28
9,1629,1626,1630,763,1636,1608,1622,1611,1628,1630,1628,1614,1620,1631,1615,1619,1626,1629,1608,1613,1619,1625,1630,504,1626,1629,1323,1624,1623,1605,1622,1622,1630,1621,1630,1637,1620,1644,1624,1416,1630,1629,1617,1630,1626,1628,1631,1617,772,1632,1633,25,1613,1620,1639,1634,1616,1239,1624,1617,1631,1613,1581,1630,1628,1132,1625,1642,835,1615,1619,1620,1643,1640,1623,1628,1612,1595,1623,1626,1637,1625,1629,1623,1623,1624,1618,1610,1634,1618,1624,1614,1630,1624,1634,1620,1635,1632,1617,1617,1606.5430914401745,1589.9050588088407,1730.3921106301989,8959,8349,8261,56699,8154,8151,8631,8071,7801,7968,7829,8512,8507,8454,8526,8158,8486,7948,8610,8709,8290,8502,7822,71249,8076,8138,24608,8326,8219,8821,7971,8373,7810,8579,8284,8189,8394,7964,7833,20321,8136,8151,8345,8036,8757,7924,8329,7906,56540,8149,7624,98304,8308,8264,7851,8247,8503,29742,8270,8396,7962,8638,10878,7954,8223,35858,7989,7803,52901,8477,7986,8485,8470,7913,7612,8238,8596,8625,8199,7969,8023,8200,8367,8282,8199,8380,7879,8006,7699,7623,7948,8394,7959,8334,7905,8784,7688,7910,8076,8220,7362.265144919347,8350.66927177565,0.0,0.56358,0.56901,0.5669099999999999,0.26855,0.56953,0.5733500000000001,0.5677700000000001,0.57224,0.5728599999999999,0.5731,0.5721700000000001,0.56582,0.5684299999999999,0.5673999999999999,0.5690299999999999,0.5717300000000001,0.56776,0.57233,0.56671,0.56617,0.5694899999999999,0.56807,0.57184,0.17889000000000002,0.5705600000000001,0.5693299999999999,0.47066,0.5717599999999999,0.57025,0.56714,0.57326,0.5705999999999999,0.5741,0.56639,0.56961,0.5705399999999999,0.56726,0.56835,0.57238,0.49340999999999996,0.568,0.57087,0.5688,0.57129,0.5642300000000001,0.57318,0.56795,0.57321,0.26855,0.57,0.5756899999999999,0.01061,0.57052,0.57026,0.5732299999999999,0.5673799999999999,0.56791,0.43764,0.56923,0.5673499999999999,0.57105,0.5661699999999998,0.5551,0.5692299999999999,0.57184,0.39699,0.5710699999999999,0.5726399999999999,0.2929,0.5690800000000001,0.57439,0.56941,0.56734,0.5704,0.5774099999999999,0.56886,0.56914,0.56807,0.57086,0.57095,0.5702799999999999,0.56794,0.5660400000000001,0.5703,0.57067,0.5699,0.5739,0.5725399999999999,0.5737199999999999,0.57529,0.57202,0.56815,0.5699,0.56955,0.57098,0.56835,0.57524,0.57221,0.573,0.57201,1,4,3,0,3,1,0,3,3,1,2,3,4,2,0,3,0,3,0,1,1,1,1,2,3,1,0,0,1,1,1,0,2,2,2,0,2,1,1,0,1,0,2,0,3,0,0,4,0,1,2,0,2,2,1,1,2,4,0,1,2,3,3,1,1,0,2,1,0,1,1,2,0,0,0,1,2,3,1,2,1,2,1,0,1,2,2,2,0,4,2,2,1,1,1,1,1,1,0,2,0.214200253634794,0.2119723509854926,0.0,0.03544168670338864,0.035073056758454894,0.0,0.00011305086151109534,0.0001083407328534382,0.0,14.4,10.44,19.44,1931.7599999999998,7.56,19.080000000000002,18.0,11.16,6.84,11.16,11.16,24.479999999999997,20.52,24.479999999999997,21.6,33.84,13.32,5.04,11.520000000000001,11.520000000000001,9.0,13.32,9.0,2480.3999999999996,11.88,22.32,664.2,12.239999999999998,25.560000000000002,27.36,13.32,15.840000000000002,8.639999999999999,12.6,15.12,32.760000000000005,24.12,11.520000000000001,6.4799999999999995,499.31999999999994,8.639999999999999,14.4,17.64,13.32,18.0,26.64,18.360000000000003,15.840000000000002,1920.6,11.520000000000001,14.760000000000002,3543.12,8.28,10.8,16.56,13.32,20.52,855.72,21.24,14.760000000000002,14.04,15.840000000000002,132.48,7.920000000000001,14.4,1093.3200000000002,11.88,6.119999999999999,1755.72,18.72,14.760000000000002,25.560000000000002,21.96,13.32,10.08,19.080000000000002,28.44,22.32,20.16,10.8,15.48,13.68,6.119999999999999,14.760000000000002,20.88,8.639999999999999,15.48,18.0,11.520000000000001,9.36,7.2,14.04,7.920000000000001,16.56,6.119999999999999,16.2,10.08,18.0,14.04,17.64
10,1290,1756,1750,1773,1764,1744,1759,1737,1782,1761,1760,374,1750,1765,1754,1752,1757,1754,1769,1762,566,1756,1757,642,1763,1752,1759,1771,1762,1753,165,1763,1757,1755,1765,1767,1760,1793,1755,1779,1779,1760,1754,1770,1777,1763,1747,1765,1769,1751,1778,1768,1753,1771,1772,1756,1772,1743,646,113,1773,1781,1768,1375,1753,1753,859,1765,648,1769,1758,1747,1761,1767,1763,756,1745,1765,1769,1767,1772,1764,1163,1093,1774,1750,1768,1762,1766,1770,1766,414,1766,1772,1771,1770,1752,1787,1751,1371,1748.575166418548,1726.8974528726949,1895.0768475448494,37500,10473,10774,10335,10633,10979,9831,10441,10240,9956,10246,88671,10156,10134,10213,11688,10106,10517,10433,9919,77935,10112,10134,73178,10570,10586,10042,10080,10694,10543,100488,9986,10210,10456,10073,9916,10709,10159,10759,10227,10245,10164,10658,9456,9800,10711,10873,10109,10488,10182,9812,10604,9959,10007,10516,10091,10108,10809,73621,103371,9940,9865,9921,32466,10151,10589,61323,10294,73073,10194,10135,10546,10707,10541,10289,66798,12154,10152,9616,10513,10238,10166,43941,48518,10005,11177,10024,10310,9879,10258,10202,85821,9820,10340,10462,9894,10632,10423,10237,32241,8809.498426981538,10109.928208237603,0.0,0.4089090909090909,0.5630090909090909,0.5611181818181818,0.5612818181818182,0.5583181818181817,0.5593545454545454,0.5676363636363637,0.5653363636363636,0.5619363636363636,0.5663363636363636,0.5652272727272727,0.12125454545454545,0.5662636363636363,0.564290909090909,0.5632272727272727,0.5534363636363636,0.5654090909090909,0.5617818181818182,0.5603454545454546,0.5671090909090909,0.18018181818181817,0.5661,0.5646272727272728,0.20917272727272726,0.5611090909090909,0.5590090909090908,0.5654272727272727,0.5634818181818181,0.5592181818181818,0.5614363636363635,0.05369090909090909,0.5653454545454546,0.5646545454545454,0.5616727272727273,0.5673727272727273,0.5650181818181818,0.5618363636363636,0.5607454545454545,0.5593090909090908,0.5634181818181818,0.5613454545454545,0.5651454545454545,0.5604090909090909,0.5685363636363636,0.5653636363636363,0.5598181818181817,0.5588090909090908,0.5647545454545454,0.5604818181818181,0.5680090909090909,0.566,0.5600363636363636,0.5683545454545454,0.5652,0.5602909090909091,0.5644909090909092,0.5647727272727272,0.5621090909090908,0.2048636363636364,0.03706363636363636,0.5650454545454546,0.5662545454545455,0.5646,0.4365727272727272,0.5661727272727273,0.561309090909091,0.2742454545454545,0.5612454545454544,0.2089181818181818,0.5646,0.566890909090909,0.5607909090909091,0.5600090909090909,0.5606181818181817,0.5633272727272727,0.2452181818181818,0.5503454545454546,0.5627272727272727,0.5673545454545454,0.560590909090909,0.561190909090909,0.5652636363636364,0.3747181818181818,0.3441,0.5637636363636364,0.5567272727272727,0.565590909090909,0.5639636363636363,0.5659818181818183,0.5631181818181819,0.5620090909090909,0.13721818181818182,0.5677636363636364,0.5634,0.5599727272727272,0.5650363636363636,0.5620909090909091,0.5592090909090909,0.5659454545454545,0.4410727272727273,0,5,3,1,3,2,3,2,1,0,4,0,4,1,11,3,0,2,3,3,1,1,5,1,2,1,1,1,3,6,1,1,3,6,0,1,5,1,5,3,1,3,2,2,0,4,1,3,6,3,0,2,2,2,4,1,1,2,2,0,3,2,3,2,6,0,2,1,1,3,1,3,7,3,2,1,4,4,1,3,0,1,2,0,5,1,3,3,2,1,3,0,1,4,3,7,5,2,2,2,0.2331349807639863,0.23022760800197334,0.0,0.03857463661983064,0.0380935811924318,0.0,0.00015946844616683938,0.00015142622512054213,0.0,1010.88,23.040000000000003,56.519999999999996,28.44,27.720000000000002,27.720000000000002,16.56,30.24,20.88,20.88,27.720000000000002,2859.12,35.64,23.76,27.36,65.16000000000001,20.52,23.4,19.080000000000002,21.6,2473.2000000000003,21.96,30.24,2294.2799999999997,30.24,25.2,15.840000000000002,24.479999999999997,35.28,28.8,3278.88,23.76,23.4,32.4,20.88,19.799999999999997,31.680000000000003,23.040000000000003,27.720000000000002,30.6,16.2,25.560000000000002,18.72,10.44,14.760000000000002,34.559999999999995,23.76,23.4,36.720000000000006,28.44,18.360000000000003,29.88,37.44,10.44,30.96,30.6,22.68,43.2,2314.44,3374.28,18.72,14.4,27.720000000000002,834.84,21.6,37.08,1871.2800000000002,29.16,2284.92,30.6,22.32,27.0,24.84,22.32,24.84,2066.76,74.52,35.64,15.12,15.840000000000002,28.8,17.279999999999998,1265.3999999999999,1405.44,27.36,37.08,25.2,19.080000000000002,16.56,36.0,27.36,2747.16,23.040000000000003,18.360000000000003,18.360000000000003,21.24,29.16,16.2,24.479999999999997,830.16
11,1882,1889,424,1889,1891,1902,1879,1063,22,1844,1900,1900,1900,1905,1899,1882,1649,1905,1896,640,1896,1909,1907,1895,392,676,1897,1883,1897,271,1907,1901,802,1896,672,1905,1892,1895,1895,1891,1890,1301,1121,4,1892,1902,1895,1903,1886,1548,1912,1891,1900,1899,1891,1910,1906,1891,1888,1897,1898,1904,1881,1892,1897,1905,1158,1910,1888,207,1890,1232,443,1907,1899,1903,1908,1902,1568,607,1901,1877,1906,1087,1909,1891,599,1906,1869,1891,1912,1775,1905,823,1893,276,1906,1799,1398,1901,1887.4391205913016,1859.972933283993,2057.304240547395,12847,12650,96084,12751,12310,12883,12597,59861,118507,15737,12008,13593,13301,12746,12672,12565,25950,12830,12910,83797,13186,11611,12452,12511,97515,81271,13291,13165,12812,104471,12814,12075,74408,12298,81610,12636,12780,12414,13194,12458,13087,46103,56205,119486,13277,12371,12467,12436,12855,32796,12398,12787,12670,12357,12454,12665,11961,12786,12517,12806,12905,13276,13377,13075,12797,12727,54175,12676,12986,107837,12769,49746,94902,12624,12986,12946,12196,12686,31251,85358,12830,12827,12312,58457,12514,12657,86529,12487,14518,12549,12380,19597,12379,73728,12484,103914,12569,17995,40434,12359,10349.565089820166,12017.442878857857,0.0,0.5560416666666667,0.5552916666666667,0.12417499999999998,0.5550083333333333,0.5584583333333333,0.5533083333333333,0.5575583333333333,0.3101083333333333,0.007433333333333334,0.5416833333333334,0.5608583333333332,0.5489583333333333,0.5503416666666667,0.5532583333333333,0.5558583333333333,0.5596,0.4883,0.5524749999999999,0.5536750000000001,0.18718333333333334,0.5530333333333334,0.5623333333333334,0.5555333333333334,0.5558416666666667,0.11576666666666667,0.20045,0.5510333333333333,0.5537333333333332,0.5544916666666666,0.079325,0.552075,0.5599666666666666,0.2368,0.5593083333333334,0.198975,0.556025,0.5554749999999999,0.5548583333333333,0.5502166666666666,0.5571333333333334,0.5517666666666667,0.3835666666666667,0.33214999999999995,0.002608333333333333,0.5506916666666667,0.5576416666666667,0.55535,0.5561833333333334,0.5557750000000001,0.4505166666666667,0.55785,0.5556583333333333,0.5539166666666667,0.5586666666666666,0.5570416666666667,0.5535333333333333,0.5596166666666667,0.5560166666666666,0.5579333333333334,0.5541333333333334,0.5533916666666666,0.5505166666666667,0.5536333333333334,0.554175,0.554175,0.5545666666666667,0.3416916666666666,0.5542416666666667,0.5536833333333333,0.06355833333333334,0.5569416666666667,0.363825,0.12968333333333334,0.5555166666666667,0.5531833333333332,0.5525333333333334,0.5564166666666666,0.5554416666666667,0.4589166666666666,0.17943333333333336,0.55215,0.556325,0.5581583333333333,0.3196083333333334,0.5542833333333334,0.5563,0.17293333333333336,0.5557583333333334,0.5447333333333333,0.5573750000000001,0.5578833333333333,0.521225,0.5569,0.23948333333333335,0.556825,0.083375,0.5544916666666667,0.5286,0.4140416666666666,0.55655,1,4,0,4,5,4,2,4,0,5,3,2,1,4,2,3,2,3,4,1,2,3,3,7,0,1,2,5,5,2,2,2,2,2,3,6,4,4,2,6,6,4,4,0,9,3,4,6,1,3,3,2,5,2,4,6,4,5,4,5,2,8,5,6,5,5,1,2,1,2,1,1,0,2,1,5,4,4,2,2,1,3,5,0,1,6,1,4,1,5,1,0,2,0,2,0,4,6,1,5,0.2516464678645283,0.24800110564123912,0.0,0.04163755701837429,0.04103439346629708,0.0,0.00021746092020357195,0.0002048087523881999,0.0,70.92,44.28,2826.0,39.96,33.12,42.84,36.720000000000006,1622.52,3557.16,140.04,32.760000000000005,45.0,61.92,35.64,41.4,42.48,514.8,43.92,37.08,2418.48,31.319999999999997,18.72,36.36,39.96,2876.0400000000004,2321.6400000000003,54.36,45.36,51.480000000000004,3083.4,38.519999999999996,32.760000000000005,2106.3599999999997,29.88,2342.16,29.88,37.08,26.28,51.120000000000005,31.319999999999997,63.72,1161.72,1492.1999999999998,3587.04,69.48,39.24,42.120000000000005,25.919999999999998,34.559999999999995,753.48,36.36,42.84,51.120000000000005,63.00000000000001,32.760000000000005,30.24,30.96,46.8,34.92,36.0,28.08,37.08,63.36000000000001,39.599999999999994,60.12,46.8,1435.68,31.680000000000003,57.24,3203.64,51.120000000000005,1279.8,2782.8,40.32,30.24,47.879999999999995,35.64,45.36,666.72,2465.64,41.4,60.12,44.28,1577.88,27.720000000000002,44.64,2501.64,34.199999999999996,122.4,40.32,48.24,285.12,46.44,2066.3999999999996,61.92,3073.68,38.160000000000004,232.56000000000003,977.04,34.199999999999996
12,2019,2024,299,2021,2028,2009,2034,2019,1049,378,2035,535,1618,2012,2022,2025,600,244,142,1667,1996,944,2050,2026,939,2015,2031,2023,1673,2052,1405,1779,2037,2026,198,993,1023,2027,1087,2000,1747,2038,2030,2035,119,2029,2027,2002,960,616,403,2015,2024,310,2002,2035,2035,1478,1874,846,2037,1406,710,253,2031,2045,2023,693,1330,34,2022,2028,1160,2008,2033,1972,787,2024,2012,15,1657,2018,2033,2039,2019,2027,1770,2033,2025,1264,2024,1397,2037,2030,511,2012,2030,1113,1892,569,2023.127821083022,1989.200084336777,2216.710869085377,15579,15097,112915,14866,15428,15319,14726,15472,70543,108435,15464,100065,39062,15836,15017,14902,95748,116000,121678,35353,16422,76096,14637,15371,77198,15399,15441,15360,35803,15008,50692,29645,15377,14931,118373,74051,71102,15946,67932,15483,31983,15068,15831,15568,123323,14509,15763,15463,74929,94795,106805,15155,15163,112132,16128,15439,15264,46398,23998,81711,15130,49877,89963,115475,15609,15424,15863,90294,55298,127859,15466,15348,64215,15958,14859,18187,85382,15452,15629,128835,37143,15238,15216,14298,15925,15429,30033,15176,15367,58104,15447,50406,15152,15851,101044,15510,15612,66814,22691,97597,11973.950871187977,14060.300428122693,0.0,0.5479769230769231,0.5503692307692307,0.08168461538461538,0.5499461538461539,0.5478153846153846,0.5488230769230769,0.550023076923077,0.5486692307692308,0.28351538461538467,0.10241538461538462,0.5474615384615384,0.14283076923076923,0.433823076923077,0.5441615384615385,0.5512230769230768,0.5504,0.16398461538461537,0.06682307692307693,0.03965384615384616,0.45336153846153837,0.5432538461538462,0.2576230769230769,0.5499615384615385,0.5457384615384615,0.2521307692307692,0.5482384615384616,0.5456846153846154,0.5494923076923076,0.4484692307692308,0.5484692307692308,0.3789307692307693,0.4789461538461539,0.5463692307692307,0.5529923076923077,0.05570000000000001,0.26693076923076925,0.28366923076923073,0.5439,0.2954846153846154,0.5499153846153847,0.4671692307692308,0.5493923076923076,0.5438538461538462,0.5455,0.031123076923076923,0.5524846153846154,0.5463307692307693,0.5491769230769231,0.2647769230769231,0.16813846153846151,0.1113923076923077,0.550623076923077,0.549623076923077,0.08497692307692307,0.5432846153846155,0.5450846153846154,0.5464,0.39942307692307694,0.5069615384615385,0.23076153846153846,0.5496307692307693,0.38456153846153845,0.1902230769230769,0.06913846153846154,0.5459076923076924,0.5468384615384616,0.5462615384615385,0.19013076923076921,0.35613076923076925,0.010146153846153846,0.5475615384615384,0.5464,0.3146461538461538,0.5459153846153846,0.5529846153846154,0.5343000000000001,0.21380769230769234,0.5467846153846154,0.5488153846153846,0.0055,0.44216923076923076,0.5497,0.5484384615384617,0.5553538461538462,0.5444076923076923,0.5457384615384615,0.47678461538461536,0.5494846153846155,0.5478230769230769,0.3431,0.5466538461538463,0.3813307692307692,0.5486769230769231,0.5447615384615385,0.13847692307692308,0.5480384615384615,0.5441076923076924,0.30150000000000005,0.5121692307692307,0.15404615384615386,5,5,1,6,5,3,4,3,1,2,2,2,5,9,3,9,2,0,0,4,6,5,3,7,3,3,5,3,5,0,2,5,3,2,2,4,3,4,4,7,4,2,5,4,0,5,5,6,5,3,4,2,4,2,4,4,10,4,4,2,7,4,1,1,4,5,4,0,2,0,4,5,2,6,8,9,1,3,6,0,4,2,7,3,10,8,4,5,5,6,7,7,4,3,0,4,7,5,9,0,0.26973375450701037,0.26523452694211314,0.0,0.044630288985863846,0.0438858444249615,0.0,0.0002882517308521859,0.0002692242871248114,0.0,70.56,74.52,3083.76,50.04,64.44,72.36,61.56,54.0,1789.56,2943.36,76.67999999999999,2692.8,804.6,64.08,58.32,64.08,2559.96,3176.2799999999997,3351.6000000000004,693.36,118.44,1962.3600000000001,41.4,56.16,1994.7600000000002,65.52000000000001,90.72,60.12,727.2,71.28,1159.9199999999998,501.84,70.56,40.68,3255.48,1872.72,1815.84,67.68,1706.76,71.28,590.04,42.120000000000005,66.6,55.8,3414.2400000000002,42.48,110.16,69.84,1915.5600000000002,2531.52,2909.1600000000003,59.76,51.120000000000005,3051.0,84.24000000000001,52.92,58.32,1031.3999999999999,330.84,2140.56,52.2,1146.96,2367.0,3167.64,58.67999999999999,59.040000000000006,85.32,2390.04,1312.92,3540.96,58.32,67.32000000000001,1588.68,70.92,43.56,144.72,2233.4399999999996,72.72,84.6,3577.32,746.64,54.0,70.2,50.76,60.48,46.080000000000005,518.04,67.68,81.72,1379.8799999999999,89.28,1166.4,54.72,99.0,2725.56,88.56,68.39999999999999,1661.04,302.40000000000003,2608.56
13,2161,1515,2157,2138,1369,411,2163,185,1408,207,913,1855,59,2137,636,2154,2132,98,932,743,1130,700,2134,2136,1994,789,2143,2142,10,494,421,2147,85,767,2146,2144,2156,2130,309,2131,2130,3,1722,2153,1203,2157,2137,2149,944,2138,2138,253,2137,2013,2137,1693,1635,694,351,1861,2136,2141,2144,1932,1581,2129,820,1903,2149,1402,296,452,1467,502,349,2154,436,589,652,46,1962,458,2128,798,2172,2141,2150,218,2143,760,2124,2017,2143,2156,186,628,101,1719,331,2130,2155.6141450367113,2114.574154595575,2372.877352061251,18169,54708,19176,19023,62986,115878,17932,129486,59358,128104,87677,34507,136363,18021,103698,18369,18950,134082,87086,97417,75306,99879,18476,18914,27532,95011,18738,18298,139052,111404,115644,18488,134849,96320,17712,18959,18504,18585,122246,19222,19174,139543,41528,18102,71196,18468,19005,18204,86217,18367,17909,125428,19082,26191,18183,43681,47475,100066,120105,35429,18872,18893,18332,30254,50393,18905,93518,32203,17867,60112,122831,114328,56565,111290,120038,18216,115084,106951,102839,137080,29135,113771,18869,94182,17743,18739,18324,127150,18642,96699,19115,24744,19059,18576,129221,104619,133734,42925,121477,18843,13674.061613263835,16233.63638843527,0.0,0.5400928571428573,0.37662142857142855,0.5332857142857143,0.5358571428571427,0.34169285714285713,0.10794285714285716,0.540192857142857,0.04625714285714286,0.35875714285714283,0.05229285714285715,0.2328142857142857,0.46849285714285716,0.015928571428571427,0.5416714285714286,0.16161428571428574,0.5390714285714285,0.5378071428571429,0.02631428571428571,0.23413571428571425,0.1902857142857143,0.28770714285714283,0.17768571428571425,0.53875,0.5360785714285715,0.4998357142857143,0.19978571428571426,0.5386642857142856,0.5408785714285714,0.004321428571428571,0.12707857142857143,0.10737857142857142,0.5378142857142857,0.022642857142857145,0.1937785714285714,0.5448428571428572,0.5357714285714287,0.5402785714285714,0.5395357142857142,0.07897142857142857,0.5354857142857143,0.5369357142857143,0.0019642857142857144,0.4381357142857143,0.5418428571428572,0.30635,0.5364428571428572,0.5388071428571428,0.54055,0.2385928571428571,0.5398071428571428,0.5436928571428572,0.06458571428571429,0.5369642857142858,0.5048642857142857,0.54175,0.4274785714285715,0.40985,0.17747142857142859,0.08794285714285713,0.4622214285714285,0.5382214285714284,0.5374214285714286,0.5409571428571428,0.48642142857142856,0.39764285714285713,0.5384,0.2048642857142857,0.4782499999999999,0.5419571428571428,0.3549785714285715,0.07641428571428571,0.11307857142857144,0.3719785714285714,0.12770714285714288,0.08849285714285714,0.5382499999999999,0.11060714285714286,0.14640714285714285,0.1652785714285714,0.013014285714285714,0.4903357142857142,0.1166857142857143,0.5394928571428571,0.2041,0.5425571428571428,0.5388571428571428,0.5395428571428571,0.05744285714285714,0.5378357142857142,0.19157142857142856,0.5378142857142857,0.5121857142857144,0.5353928571428572,0.5380285714285714,0.047521428571428576,0.15759285714285715,0.028207142857142854,0.4298357142857143,0.08207857142857142,0.5383285714285715,2,3,11,5,3,2,7,1,2,0,3,6,0,4,0,10,9,2,2,4,8,6,6,13,6,4,8,8,1,3,3,11,0,4,5,7,7,9,1,10,15,0,4,4,6,9,6,9,2,6,11,0,3,8,8,3,10,1,1,5,2,7,5,7,7,4,2,9,7,2,1,6,3,0,1,5,1,1,3,0,9,2,4,2,4,6,5,0,5,7,5,9,8,4,1,0,1,4,1,6,0.2873932848541767,0.2819556520341637,0.0,0.04755224417159565,0.04665253058328429,0.0,0.00037286338813651633,0.00034481546467783397,0.0,65.88,1159.2,121.32000000000001,120.96,1397.52,2927.88,74.16,3297.96,1303.56,3274.2,2100.96,584.64,3510.0,99.36,2570.4,90.0,126.72000000000001,3431.88,2116.44,2398.32,1741.68,2451.6000000000004,83.16,100.8,385.2,2311.56,97.56,91.08,3582.72,2790.0,2901.96,83.16,3459.96,2361.96,98.28,119.16,76.32000000000001,126.36,3110.7599999999998,90.36,122.03999999999999,3592.8,766.8,78.84,1651.6799999999998,77.03999999999999,118.44,92.88,2057.7599999999998,69.11999999999999,88.56,3197.16,110.52000000000001,348.84,104.76,855.0,948.6,2453.7599999999998,3034.7999999999997,587.16,78.84,128.88,95.39999999999999,458.64000000000004,1047.6,112.32,2279.88,533.1600000000001,117.0,1335.24,3110.4,2871.36,1220.76,2795.4,3044.88,110.52000000000001,2912.04,2660.04,2576.52,3525.12,424.44,2867.4,105.48,2297.16,107.64,92.88,92.16000000000001,3239.6400000000003,128.52,2364.84,169.56,293.40000000000003,122.4,94.32000000000001,3291.48,2593.44,3434.04,800.28,3070.44,105.84
14,2233,1053,2247,950,2282,55,1548,614,1745,229,182,395,1030,594,2252,1042,2262,2255,549,2253,628,240,693,2252,1357,2255,244,2256,227,2118,514,898,644,2121,860,2258,2279,1264,1453,2268,1767,591,2258,80,75,1568,1056,2253,695,639,1206,1095,2248,11,2277,1090,187,1504,1061,2265,293,72,107,2249,1181,630,3,28,424,507,349,2281,527,54,64,340,1349,1020,2251,124,266,2244,1854,1709,2260,1683,310,2258,2258,71,1704,1612,2162,720,2272,71,969,333,925,302,2284.849984706528,2236.106374932173,2525.322291737319,22828,89946,22236,96940,20821,146730,62266,114799,50714,136692,139488,127171,91469,116102,22427,90244,21513,22474,118899,22062,114764,135885,110267,22749,72336,22389,135887,21553,136805,30203,120247,99488,113536,29588,101074,21350,22615,77844,67470,21828,49724,116055,21310,145055,145450,61360,90062,22689,110514,113574,81237,87960,21964,148991,21669,88108,139002,65898,89794,21874,133265,145497,143445,22061,82981,114172,149434,148057,125599,120742,129944,21975,119821,146506,146032,130405,72824,90942,22960,142619,134360,22602,45372,53204,22571,53996,131982,22140,22232,145516,53371,58674,27171,108997,22169,145797,94737,130588,97186,132481,15441.131751357296,18529.705089241117,0.0,0.5261266666666666,0.24808666666666662,0.5297133333333334,0.21834666666666666,0.53708,0.013393333333333333,0.36351999999999995,0.14606666666666665,0.4107533333333333,0.055266666666666665,0.04318666666666667,0.09414,0.24149333333333334,0.14026666666666668,0.5291600000000001,0.24686,0.5336666666666667,0.5259666666666666,0.12832666666666667,0.5306733333333333,0.14458000000000001,0.058059999999999994,0.1644,0.5273733333333334,0.32204,0.5292733333333334,0.05837333333333333,0.5319733333333333,0.05497333333333333,0.4957533333333334,0.1235,0.2083733333333333,0.1507666666666667,0.4998066666666667,0.20204666666666668,0.5328999999999999,0.5239466666666667,0.2998733333333333,0.34098,0.5302266666666666,0.4153866666666667,0.14025333333333334,0.5348733333333333,0.020286666666666665,0.019006666666666668,0.36779333333333336,0.24808000000000002,0.5260333333333334,0.16391333333333333,0.15110666666666667,0.2845,0.25549333333333335,0.5316466666666667,0.003986666666666667,0.5298733333333333,0.2563,0.04551333333333333,0.3451066666666667,0.24937333333333336,0.5306533333333333,0.06872666666666667,0.018493333333333334,0.027333333333333338,0.5320933333333332,0.27718,0.14846666666666666,0.002186666666666667,0.00804,0.10087333333333333,0.12159333333333334,0.08284666666666667,0.52806,0.12466,0.014406666666666667,0.016606666666666665,0.08044666666666665,0.3198066666666667,0.2454333333333333,0.5255866666666666,0.030780000000000002,0.06535333333333335,0.5283866666666667,0.43236,0.40076,0.5255733333333333,0.39819999999999994,0.075,0.5296466666666667,0.5289666666666666,0.018633333333333335,0.3996866666666667,0.37888666666666665,0.5112066666666667,0.17023333333333335,0.5277133333333334,0.017066666666666667,0.22828666666666667,0.07915333333333333,0.21904666666666667,0.0723,14,3,8,1,5,0,5,4,9,0,0,2,6,2,6,6,7,10,2,7,3,0,2,7,7,5,0,20,1,2,4,3,1,16,4,5,9,4,6,7,12,3,8,0,0,4,2,12,2,3,10,9,9,0,13,5,3,2,1,9,0,1,0,9,5,4,0,0,3,7,2,6,1,1,0,2,6,9,5,1,1,16,4,3,13,9,1,4,7,1,7,2,10,2,4,0,2,5,5,3,0.3046187869915522,0.2981663461658136,0.0,0.0504023848212996,0.04933476056625139,0.0,0.0004721944648563458,0.0004329191428472566,0.0,195.12,1973.52,172.44,2171.8799999999997,111.24,3527.64,1251.72,2680.56,942.4799999999999,3256.56,3315.6000000000004,3008.52,2017.8,2694.96,149.04,1998.3600000000001,147.6,169.92,2770.2,181.8,2667.2400000000002,3236.76,2536.56,171.36,1533.6,173.52,3236.4,150.48,3253.3199999999997,398.16,2817.72,2267.64,2624.04,381.59999999999997,2301.12,132.48,196.2,1664.28,1376.64,167.04,954.7199999999999,2702.52,163.44,3484.44,3494.88,1231.92,2022.84,143.28,2556.0,2646.72,1767.96,1949.76,164.51999999999998,3589.92,145.08,1936.0799999999997,3324.24,1333.8,2005.5600000000002,144.0,3155.04,3502.7999999999997,3441.96,161.64000000000001,1787.04,2631.96,3593.16,3557.52,2954.16,2818.8,3053.88,143.64,2805.12,3528.72,3493.8,3092.04,1559.52,2003.4,246.24,3425.04,3198.6,152.64000000000001,765.72,1028.8799999999999,167.76000000000002,1025.28,3130.2000000000003,139.68,151.56,3491.64,1025.28,1158.48,285.47999999999996,2508.8399999999997,146.88000000000002,3501.7200000000003,2128.3199999999997,3098.1600000000003,2174.4,3143.52
15,16,303,2087,983,2377,635,2369,2358,2355,2349,991,678,149,700,1689,4,592,482,752,1249,1955,657,240,932,2162,1704,378,807,2134,429,2017,395,363,634,1184,284,914,1627,323,28,199,1037,84,363,221,11,384,1284,176,2281,305,270,516,1339,115,1957,2121,815,484,164,918,1094,1207,134,690,1251,1136,1046,772,367,620,335,697,2354,1266,861,1016,300,2347,397,1982,1122,1001,2355,868,496,222,1444,1487,339,191,2360,1133,19,349,354,383,1165,38,626,2410.73938555764,2353.8035634789285,2673.4972669533595,158834,142636,42701,104189,25828,123412,25805,25962,26248,26993,103601,121536,151081,120099,64529,159319,126241,131817,117465,89267,48430,122407,146323,106859,36739,63951,138394,114187,38601,135132,45939,137356,139165,123813,92527,143482,108051,67020,141074,158022,148218,100715,154820,139094,147020,158933,137900,86520,149567,31028,142488,144205,130411,85015,153125,49109,40243,113303,132329,150514,107819,97769,92279,151931,120479,89051,95328,100718,116378,138691,124964,140930,120204,26831,88146,110492,102355,142575,25878,137332,47866,96247,103360,26568,109984,131671,146901,78586,75689,140877,148678,26126,96382,158489,140331,139962,137864,93473,157407,124093,17269.808124461033,20940.25808870205,0.0,0.00426875,0.06715,0.453075,0.21574375,0.52026875,0.14255,0.5208375,0.52145625,0.51783125,0.51638125,0.21835625,0.14935,0.0346375,0.15500625,0.36971875,0.00256875,0.1303125,0.11064375,0.16450625,0.2747875,0.43395,0.14591875,0.0527375,0.2061,0.47819375,0.371725,0.0835,0.17786875,0.4719375,0.09706875,0.44295,0.0881,0.08118125,0.14060625,0.26245625,0.063425,0.201225,0.3613,0.0737375,0.007525,0.04550625,0.2305625,0.02010625,0.08129375,0.0504625,0.00400625,0.085025,0.2858375,0.040725,0.50034375,0.0681625,0.0614125,0.11523125,0.2901375,0.02678125,0.42925,0.4639375,0.18099375,0.10723125,0.03659375,0.20291875,0.24095,0.2616875,0.0313875,0.15435,0.2750625,0.25153125,0.22956875,0.168025,0.08243125,0.134925,0.07379375,0.15473125,0.51625625,0.27831875,0.19270625,0.2217875,0.067775,0.52136875,0.08783125,0.4349875,0.24740625,0.2196,0.51665,0.19518125,0.11020625,0.050825,0.31470625,0.3275375,0.0732375,0.04361875,0.52073125,0.24668125,0.00591875,0.07608125,0.07705625,0.08611875,0.25643125,0.0103,0.138725,0,5,6,7,10,4,11,10,5,7,9,0,0,4,3,1,3,0,4,10,9,0,1,4,15,9,0,3,18,1,6,3,0,2,7,5,6,21,2,0,4,1,0,0,1,0,4,6,1,9,2,2,2,5,1,10,9,7,3,0,4,5,5,0,4,5,5,4,5,2,5,0,2,10,5,4,10,4,17,2,6,5,3,20,3,0,1,3,4,2,3,15,10,1,0,2,4,12,0,6,0.32143534231833726,0.31386785447660315,0.0,0.053184860916488,0.05193274039530633,0.0,0.0005871310823680631,0.000533091537716887,0.0,3589.92,3172.32,700.2,2196.72,190.79999999999998,2696.04,250.20000000000002,246.24,230.04,270.0,2186.2799999999997,2639.52,3396.6,2622.96,1218.6000000000001,3593.16,2744.64,2917.8,2559.24,1852.92,789.12,2649.6,3285.72,2257.92,496.80000000000007,1185.48,3057.12,2439.36,573.12,2974.32,751.6800000000001,3038.04,3089.52,2717.28,1901.16,3197.88,2313.0,1275.84,3137.76,3562.2000000000003,3314.8799999999997,2134.7999999999997,3494.16,3094.2000000000003,3295.44,3585.96,3076.2000000000003,1782.0,3350.8799999999997,364.68,3166.5600000000004,3213.0,2869.56,1747.44,3443.76,898.56,617.76,2445.48,2908.4399999999996,3372.48,2311.56,2037.9600000000003,1927.8,3415.68,2615.76,1834.1999999999998,1975.32,2160.72,2503.08,3064.68,2740.68,3129.8399999999997,2612.88,247.68,1808.9999999999998,2345.7599999999998,2174.7599999999998,3180.24,255.95999999999998,3039.84,778.68,2009.5200000000002,2220.84,205.56,2361.2400000000002,2903.4,3267.3599999999997,1528.2,1506.96,3141.36,3344.76,249.48,1990.8000000000002,3584.52,3122.64,3119.4,3068.2799999999997,1929.2400000000002,3543.12,2722.68
16,376,1665,10,104,1241,869,488,837,1370,1124,106,2464,1006,282,2463,2450,789,2433,1102,1024,439,320,591,39,250,1062,520,232,708,10,556,984,1745,173,544,542,1788,928,1824,1100,1829,2425,1001,389,965,797,833,342,2299,963,159,110,2469,448,602,378,164,65,198,929,944,621,533,274,325,1664,830,710,974,1593,403,656,15,1472,747,181,282,2462,206,1717,1217,2476,355,1170,109,1615,2456,97,379,363,1578,1039,1192,1278,966,184,1536,805,686,1249,2533.2342416314905,2467.7154567336247,2816.783978714045,148156,75382,168892,163823,99318,120921,141931,122577,92076,105858,163532,29712,112386,153741,30937,30281,125304,32017,107113,111222,144571,151135,136370,167524,155404,109192,140074,156594,129291,169158,137733,113870,70307,159795,138737,138920,68851,117472,66548,106842,65992,31280,112708,147623,115151,124510,122232,149992,40038,115513,160361,163296,30003,144327,135593,148018,160324,166010,158283,116780,116233,134487,139592,154121,150809,75048,123249,129250,114922,79444,147173,132193,168646,86438,127258,159346,153842,30389,158110,72120,100925,29237,149254,104826,163431,76659,30209,164384,148293,149173,80735,110030,102638,97270,115698,158968,82835,123672,130923,98686,19144.27759920133,23450.188217048122,0.0,0.07984117647058825,0.3452941176470588,0.003917647058823529,0.022041176470588234,0.2588941176470588,0.17868235294117646,0.10226470588235297,0.17223529411764704,0.2857823529411765,0.2343294117647059,0.023888235294117648,0.5122117647058824,0.21123529411764702,0.05861764705882354,0.506935294117647,0.5111529411764706,0.1623,0.5037764705882353,0.22988235294117645,0.21519411764705884,0.09375882352941176,0.06962352941176471,0.12164705882352944,0.008799999999999999,0.053052941176470594,0.22339411764705877,0.10906470588235295,0.04874705882352941,0.1477,0.003111764705882352,0.11748235294117647,0.20533529411764706,0.3662117647058824,0.03773529411764706,0.11393529411764705,0.11322352941176468,0.3698941176470588,0.1919294117647059,0.3763117647058824,0.23095294117647058,0.3811470588235294,0.5089588235294118,0.2094705882352941,0.08158235294117648,0.2002294117647059,0.16699411764705882,0.1749529411764706,0.07348235294117647,0.4747,0.19827647058823528,0.03527058823529412,0.024417647058823527,0.5107411764705881,0.09367058823529412,0.12544117647058822,0.08124117647058822,0.03536470588235294,0.014311764705882354,0.042917647058823526,0.1951588235294118,0.1966588235294118,0.13001764705882354,0.11147058823529413,0.057811764705882354,0.07093529411764705,0.34815882352941174,0.16982352941176473,0.14913529411764706,0.2004294117647059,0.3311764705882353,0.08312941176470588,0.13895882352941175,0.005005882352941176,0.30571764705882354,0.15573529411764708,0.03826470588235294,0.059305882352941174,0.5115411764705883,0.04315882352941176,0.35926470588235293,0.2518470588235294,0.515164705882353,0.07583529411764706,0.23616470588235297,0.02386470588235294,0.3442647058823529,0.5120117647058824,0.020188235294117646,0.07901764705882354,0.07625882352941175,0.32705882352941174,0.21877647058823532,0.2462176470588235,0.26555294117647055,0.19678235294117646,0.04046470588235294,0.3192294117647058,0.1698235294117647,0.14175882352941177,0.26042941176470585,3,16,0,3,4,4,5,5,8,5,0,13,3,1,17,16,4,17,5,8,3,3,3,1,4,4,4,0,7,0,5,10,12,0,2,5,12,7,12,6,11,13,6,3,6,3,5,4,18,4,1,2,14,2,4,2,1,0,1,7,9,2,1,1,1,10,3,4,4,6,1,2,1,7,1,1,1,10,2,6,11,16,4,1,1,9,9,1,0,1,9,11,7,11,6,2,14,6,4,9,0.33776875208793433,0.32902237311482807,0.0,0.055887395493497055,0.05444021502524947,0.0,0.0007177021990289477,0.0006453343823249767,0.0,3108.96,1392.12,3586.68,3469.68,1964.5199999999998,2472.8399999999997,2940.8399999999997,2521.8,1765.44,2085.84,3458.88,313.92,2284.5600000000004,3264.48,318.59999999999997,314.28000000000003,2577.24,369.71999999999997,2121.12,2207.8799999999997,3028.6800000000003,3161.16,2807.28,3569.4,3282.48,2173.68,2924.28,3294.36,2660.04,3592.44,2842.56,2272.32,1323.0,3380.04,2886.8399999999997,2860.56,1209.96,2386.08,1204.92,2123.64,1192.6799999999998,390.96,2282.4,3083.76,2310.48,2542.32,2487.24,3143.8799999999997,579.9599999999999,2345.7599999999998,3388.6800000000003,3456.7200000000003,353.88,3009.24,2806.2,6103.08,3376.08,3519.7200000000003,3344.76,2382.12,2322.0,2777.4,2880.36,3238.2,3168.0,1384.2,2535.1200000000003,2669.76,2295.7200000000003,1489.32,3076.92,2715.12,3582.72,1664.6399999999999,2573.2799999999997,3368.52,3225.2400000000002,354.24,3327.48,1287.72,2014.2,286.56,3132.36,2094.48,3461.76,1367.2800000000002,317.52,3469.68,3087.7200000000003,3117.96,1512.72,2203.92,2012.4,1896.12,2384.64,3360.2400000000002,1584.0,2525.4,2694.96,1942.56
17,237,629,324,633,589,430,262,164,411,86,2083,317,68,1582,372,106,175,193,254,1260,585,701,85,305,709,703,1293,1281,471,1185,245,166,482,440,140,162,1290,256,193,380,186,156,918,22,656,853,354,187,1413,1267,416,226,126,107,76,1163,330,242,4,244,901,134,774,408,67,613,348,467,273,218,107,16,1854,2572,327,861,119,110,193,330,434,219,2438,501,63,2542,878,1530,2544,1932,499,1685,58,667,437,1060,464,730,227,174,2652.1961585000317,2577.763838542128,2954.4950824280963,166063,143688,161329,143452,146619,155344,164381,170353,156322,174839,62110,161591,175830,89917,158486,173574,169397,168963,165213,108195,146596,140136,174912,161704,139514,139377,106155,107533,152348,112605,165573,170065,152027,154844,171831,170160,106457,164922,168549,158297,169375,170524,127564,178296,142568,131445,159331,169045,99154,108192,156074,166770,172368,173554,175158,114277,160408,165677,179395,165844,128418,172143,135563,156701,175722,145036,160073,152906,164089,167159,173383,178701,74904,33977,160944,131454,172831,173548,168425,160759,155567,167065,42016,150872,175834,35722,129956,92896,34215,69381,151710,84673,176388,141535,154191,118568,153763,137893,166839,169904,21057.47303498203,26059.805164776815,0.0,0.048216666666666665,0.12514444444444445,0.06415,0.1267777777777778,0.11485,0.08537777777777777,0.05373888888888889,0.0332,0.08161666666666667,0.017516666666666666,0.4049388888888889,0.06361666666666667,0.014594444444444446,0.3112,0.07458333333333333,0.022155555555555553,0.03730555555555556,0.03777222222222223,0.050755555555555554,0.24758888888888886,0.1144111111111111,0.13655,0.01718888888888889,0.06373333333333334,0.13958333333333334,0.1410611111111111,0.25527777777777777,0.2495777777777778,0.09609444444444444,0.232,0.04995000000000001,0.034133333333333335,0.09612222222222223,0.08682777777777777,0.02822777777777778,0.03388888888888889,0.25295000000000006,0.05241111111111112,0.03921666666666667,0.07476666666666666,0.03618888888888889,0.032577777777777775,0.18024444444444443,0.005894444444444444,0.12830555555555556,0.16744444444444442,0.0717888888888889,0.037733333333333334,0.28053888888888895,0.24845,0.0822611111111111,0.045922222222222225,0.026716666666666663,0.022033333333333335,0.01682222222222222,0.22550555555555557,0.06814444444444445,0.04963888888888889,0.001988888888888888,0.048711111111111115,0.1785,0.02626111111111111,0.1536388888888889,0.07982777777777779,0.014905555555555557,0.12002777777777779,0.06853888888888889,0.09354444444444444,0.054983333333333335,0.04428888888888889,0.02286111111111111,0.004422222222222222,0.3622722222222222,0.5045722222222223,0.06600555555555557,0.1671277777777778,0.02461111111111111,0.02185,0.040227777777777786,0.06642222222222223,0.08354444444444446,0.044861111111111115,0.47527222222222226,0.10106111111111112,0.014550000000000002,0.49774444444444454,0.17263333333333336,0.30030555555555555,0.50515,0.38208333333333333,0.09705,0.3271333333333333,0.012427777777777779,0.1331388888888889,0.08936666666666668,0.21288333333333334,0.09047777777777778,0.14516111111111113,0.04543333333333334,0.034833333333333334,1,7,3,5,4,3,3,3,6,0,21,1,0,18,3,2,4,1,1,16,1,2,1,3,2,6,9,9,4,8,0,4,5,2,0,2,8,7,5,2,1,1,6,0,7,5,1,2,2,3,10,1,1,1,1,8,4,2,1,2,7,1,6,1,0,3,0,11,1,1,1,0,9,18,0,7,0,2,0,2,3,1,21,3,0,21,3,14,20,18,2,14,0,3,6,14,3,5,2,1,0.35363107960646956,0.3436928133971425,0.0,0.05851198455330732,0.056867593795645634,0.0,0.0008641212810053493,0.0007700078349327005,0.0,3326.76,2836.8,3218.4,2835.3599999999997,2885.4,3088.44,3292.56,3427.92,3120.48,3503.16,1048.68,3206.16,3510.72,1678.32,3148.2000000000003,3463.56,3386.88,3393.36,3294.0,2038.68,2905.92,2791.7999999999997,3503.88,3213.3599999999997,2730.24,2769.48,2014.2,2077.92,2983.68,2174.7599999999998,3302.64,3415.68,3001.32,3051.7200000000003,3449.88,3415.32,1967.04,3274.56,3398.04,3135.2400000000002,3390.48,3414.96,2432.8799999999997,3575.8799999999997,2819.52,2569.32,3186.36,3390.12,1840.32,2059.92,3107.16,3312.36,3462.84,3473.2799999999997,3511.8,2273.3999999999996,3182.04,3289.3199999999997,3592.08,3304.8,2491.92,3433.68,2637.7200000000003,3086.6400000000003,3512.52,2871.72,3214.8,3046.6800000000003,3268.44,3318.84,3482.6400000000003,3588.12,1287.36,416.52,3194.64,2599.56,3459.24,3470.7599999999998,3359.1600000000003,3176.64,3139.56,3327.84,588.96,2981.16,3520.44,506.16,2512.7999999999997,1732.3200000000002,394.92,1180.8,2984.7599999999998,1564.56,3538.44,2794.68,3063.96,2265.48,3062.52,2704.68,3313.44,3395.88
18,68,1260,578,997,89,286,201,926,111,196,959,705,2638,573,633,336,7,441,61,215,1390,192,27,183,484,358,722,286,57,51,213,223,670,19,14,1019,794,757,180,1011,462,455,765,273,469,105,361,312,533,93,117,799,258,175,119,408,729,814,590,143,174,162,498,322,689,288,507,80,766,185,16,50,291,834,351,45,738,1303,754,1022,304,1259,323,103,45,247,605,120,454,66,287,739,557,1150,8,366,1288,132,30,199,2767.4808256560905,2683.9725067686722,3085.8806923221505,185624,118114,157005,132776,184307,173464,178095,137493,183270,178336,135005,150299,39615,157342,153199,170593,189185,164615,186341,177813,110087,178700,187833,179560,161402,169487,148491,172991,186169,186620,177443,177207,151173,188463,188735,131894,144212,146816,179506,132097,163539,163551,146740,174065,162665,183687,168858,171495,158991,184305,183191,143924,174885,179800,182810,165972,147476,143518,155978,181729,179661,180375,160912,171642,150602,173558,160515,185191,146136,179088,188663,186695,173213,142307,169775,186989,148162,116251,146914,131381,172200,118075,171250,183727,187028,175767,155081,182935,163642,185823,173513,147416,157773,123770,189175,168493,117004,182037,187803,178081,22998.935056896767,28754.71081046283,0.0,0.014189473684210526,0.2346,0.10771578947368421,0.18711052631578945,0.018863157894736842,0.0538,0.03905263157894737,0.17173157894736843,0.021826315789473683,0.03857894736842105,0.17987368421052632,0.1298526315789474,0.49329473684210523,0.10625263157894735,0.11985789473684211,0.06345263157894736,0.0027473684210526316,0.08358947368421052,0.011763157894736842,0.03963684210526316,0.2628,0.03678421052631579,0.006989473684210526,0.03384736842105263,0.09391052631578947,0.06696315789473685,0.1357421052631579,0.0554,0.012463157894736843,0.010994736842105264,0.04072631578947369,0.041389473684210525,0.1273736842105263,0.004910526315789474,0.004078947368421053,0.19001578947368422,0.15073684210526317,0.14067368421052634,0.03392631578947368,0.18949473684210524,0.08648421052631579,0.0868421052631579,0.1407263157894737,0.051763157894736844,0.08895789473684211,0.0203,0.06948947368421052,0.06116315789473684,0.10090526315789473,0.018336842105263155,0.02197368421052632,0.15092105263157896,0.04928947368421052,0.03296842105263157,0.023510526315789478,0.07907368421052631,0.1397263157894737,0.15206842105263157,0.11092631578947369,0.02675263157894737,0.033778947368421054,0.03129473684210526,0.09456842105263157,0.05951578947368421,0.1288736842105263,0.052921052631578945,0.09728947368421052,0.015563157894736845,0.1438263157894737,0.035484210526315785,0.004452631578947369,0.01085263157894737,0.05476842105263157,0.15598421052631578,0.0658842105263158,0.009768421052631577,0.1364315789473684,0.24083157894736842,0.14098947368421053,0.19252105263157893,0.05861578947368422,0.2355684210526316,0.06137368421052631,0.020421052631578944,0.009426315789473684,0.046184210526315786,0.11417368421052633,0.022363157894736845,0.08712105263157893,0.013631578947368422,0.053131578947368426,0.1398263157894737,0.10566315789473683,0.21816842105263154,0.002657894736842106,0.07033684210526316,0.23928947368421055,0.026326315789473684,0.0070526315789473685,0.03896315789473684,1,13,1,11,0,4,2,6,2,1,7,1,23,4,8,3,0,3,0,1,16,0,5,0,9,1,5,5,0,3,3,2,6,0,1,8,9,7,4,5,3,2,3,6,5,1,3,5,7,0,0,9,1,0,1,4,11,6,7,0,2,4,5,1,0,0,4,0,3,1,0,0,1,10,3,0,5,8,4,7,3,8,2,4,1,3,6,2,3,0,2,6,5,15,0,11,7,0,0,4,0.3690030193731842,0.35785068266005915,0.0,0.06105543379760248,0.05921016229539791,0.0,0.0010262171397184988,0.000906559987514161,0.0,3519.7200000000003,2212.92,3002.7599999999998,2486.16,3511.8,3288.6,3369.6000000000004,2597.4,3484.7999999999997,3384.7200000000003,2526.8399999999997,2836.08,533.88,2953.08,2871.0,3209.04,3591.36,3084.12,3548.88,3395.1600000000003,1950.8400000000001,3380.76,3565.8,3390.8399999999997,3034.7999999999997,3183.8399999999997,2772.0,3269.88,3541.68,3536.6400000000003,3371.4,3351.96,2812.68,3584.52,3589.92,2496.96,2733.8399999999997,2737.44,3408.8399999999997,2497.32,3087.0,3124.8,2765.16,3310.2,3088.08,3488.04,3180.96,3232.8,3074.7599999999998,3525.84,3465.36,2667.2400000000002,3323.88,3404.16,3488.04,3108.96,2762.2799999999997,2703.96,2926.44,3496.3199999999997,3389.4,3417.48,3017.52,3231.3599999999997,2813.7599999999998,3313.44,3064.3199999999997,3517.92,2729.52,3424.32,3591.0,3544.56,3258.36,2657.52,3206.52,3552.48,2776.32,2154.6,2735.28,2435.7599999999998,3257.28,2160.0,3238.56,3502.44,3573.7200000000003,3338.28,2880.36,3474.0,3074.7599999999998,3541.68,3299.4,2801.88,2958.12,2248.56,3589.56,3176.64,2135.52,3458.52,3570.84,3387.24
19,261,83,321,754,954,34,1115,13,183,8,22,155,268,644,420,6,629,35,259,6,5,353,21,560,296,15,206,224,65,66,1072,689,30,150,329,113,861,57,30,193,57,549,144,436,61,10,9,79,2147,181,1440,467,192,513,669,150,134,596,448,205,18,247,151,61,577,370,259,140,5,659,14,3,187,68,150,58,511,6,5,190,1021,619,187,977,870,191,95,116,108,88,63,613,222,83,282,8,319,422,177,134,2878.9166481378916,2786.326765669196,3210.142903671418,184853,194876,181658,156614,145475,197438,136350,198874,189322,199075,198320,190509,184721,162738,175874,199235,164083,197631,184686,199145,199163,179539,198302,167958,182540,198682,187491,186995,195758,195722,138675,160765,197835,190736,180845,193062,150679,196152,197949,188671,196298,169138,191490,174867,196092,199026,199121,195127,78242,189270,117085,173017,188305,170681,161773,191230,191875,165853,174129,187764,198615,185893,190836,196209,167173,178480,184620,191761,199246,162286,198837,199251,188496,195635,191111,196162,170880,199189,199320,188994,141553,164106,189126,144268,150080,188511,193964,193089,193145,194455,196055,164603,186817,194898,183353,199127,181008,176028,189621,191824,24957.551796285476,31523.948225686556,0.0,0.04676,0.015819999999999997,0.05615,0.13443500000000003,0.16958499999999999,0.007924999999999998,0.19885500000000003,0.003295,0.033125,0.0028099999999999996,0.00519,0.029585000000000004,0.04692500000000001,0.11558,0.07462,0.0022349999999999996,0.11031000000000002,0.007185000000000001,0.047314999999999996,0.002595,0.0024,0.06304499999999999,0.005285,0.09904,0.05451,0.00387,0.038770000000000006,0.04029,0.013355,0.013309999999999999,0.189815,0.12047999999999999,0.006695,0.028770000000000004,0.059379999999999995,0.021625000000000002,0.15245999999999998,0.011975,0.00607,0.034995,0.011270000000000002,0.095205,0.02624,0.07781,0.012029999999999999,0.0029250000000000005,0.002595,0.014855000000000002,0.37783,0.033104999999999996,0.25883999999999996,0.08356,0.03609,0.090775,0.1181,0.026965,0.02525,0.10595999999999998,0.08035,0.037935,0.004235,0.042914999999999995,0.028669999999999998,0.011654999999999999,0.10086,0.066925,0.048205000000000005,0.02545,0.002279999999999999,0.11706499999999999,0.00349,0.002224999999999999,0.036019999999999996,0.013299999999999998,0.027264999999999998,0.012005000000000002,0.09035,0.0023949999999999996,0.002075,0.03375,0.18245999999999998,0.11175500000000002,0.033405000000000004,0.173165,0.155095,0.03601,0.018995,0.021159999999999998,0.021525,0.017205,0.012125,0.11053500000000001,0.040975,0.015575,0.051635,0.0027400000000000002,0.05922,0.07444500000000001,0.031830000000000004,0.025405000000000004,2,1,2,8,9,1,10,0,3,0,0,2,0,6,8,0,9,0,3,1,2,3,1,7,1,0,6,0,1,0,15,11,1,5,3,0,10,0,0,1,2,1,1,4,0,0,0,0,15,1,10,6,5,7,6,0,2,6,3,3,1,1,1,1,7,1,2,0,0,8,0,1,2,3,0,1,5,0,0,2,8,7,3,10,8,2,1,2,1,1,0,6,4,2,3,0,5,1,3,1,0.3838616239932088,0.37149410778898395,0.0,0.06351394633834997,0.06146761059797991,0.0,0.0012026036074958763,0.0010545060788717771,0.0,3321.0,3513.24,3249.72,2795.4,2631.96,3563.28,2432.16,3593.52,3482.28,3591.36,3598.56,3458.16,3318.84,2929.68,3153.6,3590.64,2998.7999999999997,3589.2,3338.64,3603.5999999999995,3594.6000000000004,3228.48,3594.24,2998.7999999999997,3287.88,3595.6800000000003,3363.84,3389.7599999999998,3549.24,7023.96,2469.96,2877.84,3579.12,3443.04,3272.4,3509.64,2755.44,3539.8799999999997,3573.0,3409.5600000000004,3565.08,3053.88,3439.44,3114.0,3535.92,3593.16,3591.0,3523.32,1422.3600000000001,3414.96,2063.88,3110.7599999999998,3409.5600000000004,3103.56,2937.24,3441.6,3477.6,2954.52,3108.96,3403.08,3588.12,3368.8799999999997,3450.6,3546.72,2984.7599999999998,3198.24,3329.6400000000003,3508.56,3591.0,2949.84,3592.08,3593.16,3406.32,3546.72,3464.6400000000003,3538.7999999999997,3073.68,3592.44,3595.32,3403.08,2554.56,5708.52,3404.52,2599.56,2735.64,3421.8,3485.88,3473.64,3475.44,3497.76,3556.8,2992.6800000000003,3386.16,3535.92,3292.92,3603.24,3305.88,3164.4,3397.68,3466.44
20,57,890,636,138,1066,217,652,332,678,76,180,85,30,1790,1141,77,302,209,173,378,71,601,283,158,564,1210,230,192,50,554,183,472,53,335,11,248,189,389,332,479,301,554,1194,389,181,23,275,845,192,317,337,674,68,504,345,929,232,35,32,305,549,241,289,88,319,239,847,154,1163,49,151,234,457,7,614,612,512,640,226,95,4,142,83,293,24,8,45,45,7,113,27,80,130,256,486,97,207,558,233,125,2986.3039559957956,2884.805015296535,3326.460755160068,206321,159161,173380,201475,149900,197121,172611,190590,171374,205173,199148,204818,207863,108135,145110,205272,192555,197563,199667,188034,205338,175562,193599,200671,177825,141160,196394,198473,206699,177972,199104,182664,206447,190401,208985,195564,198915,187099,191119,182173,192190,178329,141858,187493,199330,208279,194048,161306,198463,191213,189944,170932,205631,181059,189960,156323,196086,207526,207510,192304,178446,195987,193008,204636,191723,195711,161361,200630,143720,206722,200720,196106,183353,209065,173928,174542,180728,172983,196204,204184,209292,201323,204821,192625,208016,209031,207007,206741,209192,202986,208099,204956,202044,194561,181575,203991,197434,178024,196406,202472,26921.48561308894,34355.775652268916,0.0,0.010814285714285714,0.15168571428571426,0.10885238095238096,0.02559047619047619,0.17734285714285714,0.03832857142857143,0.11054761904761903,0.05726666666666666,0.11435714285714284,0.014242857142857142,0.031785714285714285,0.015195238095238097,0.006233333333333332,0.30073809523809525,0.19179047619047618,0.013928571428571427,0.051328571428571425,0.036442857142857145,0.030161904761904758,0.06486666666666667,0.013795238095238093,0.10208095238095238,0.048514285714285704,0.02723333333333333,0.09554761904761903,0.20279047619047616,0.03991428571428571,0.03415714285714286,0.00968095238095238,0.09510952380952381,0.03209523809523809,0.08072380952380952,0.01069047619047619,0.05807142857142858,0.002895238095238095,0.04284285714285714,0.03258571428571429,0.0680952380952381,0.0559047619047619,0.08266666666666668,0.0530047619047619,0.09361904761904762,0.20084285714285713,0.06586190476190476,0.031319047619047614,0.005076190476190476,0.04705238095238095,0.14443809523809523,0.03377142857142857,0.055880952380952385,0.059490476190476184,0.1155047619047619,0.013038095238095238,0.08596190476190475,0.05902380952380952,0.1597,0.04139047619047619,0.007204761904761904,0.007319047619047619,0.052242857142857146,0.09303809523809523,0.04045714285714286,0.05054761904761905,0.015547619047619044,0.053957142857142856,0.04258571428571428,0.1435095238095238,0.027357142857142854,0.1955047619047619,0.009823809523809525,0.027642857142857146,0.041380952380952386,0.07892380952380952,0.0028238095238095236,0.1071047619047619,0.10483809523809523,0.08644761904761904,0.10958571428571429,0.040923809523809515,0.017123809523809524,0.0022047619047619042,0.025685714285714287,0.015295238095238096,0.051847619047619045,0.005714285714285714,0.0028666666666666662,0.008704761904761904,0.009661904761904762,0.0022666666666666664,0.02094285714285714,0.005533333333333333,0.0147,0.023457142857142857,0.046047619047619046,0.08457142857142858,0.0181,0.037738095238095244,0.09384285714285714,0.039947619047619044,0.02225238095238095,0,2,4,1,8,1,4,6,6,0,2,2,1,18,16,0,2,6,1,5,0,6,0,2,2,17,5,2,1,4,0,6,0,2,0,2,1,4,2,3,4,4,19,6,2,0,1,9,2,3,7,11,1,7,4,14,4,0,2,0,0,5,4,1,3,2,19,2,16,1,2,2,7,0,11,4,3,6,6,3,0,2,0,3,2,1,0,0,0,1,0,2,1,10,7,0,3,4,1,1,0.39818020782387087,0.3846204062921849,0.0,0.06588310675506812,0.06363949485689772,0.0,0.0013948506767271546,0.0012131042526676624,0.0,3557.52,2767.6800000000003,2967.48,3478.3199999999997,2668.3199999999997,3397.32,3079.08,3283.56,2946.2400000000002,3533.04,3449.16,3530.88,3588.12,1946.1599999999999,2530.44,3544.92,3350.52,3393.72,3439.44,3250.8,3532.3199999999997,2979.0,3330.7200000000003,6825.24,3140.64,2459.88,3399.84,3422.88,3558.96,3057.48,3429.36,3189.6,3557.52,3284.64,3594.24,3372.48,3424.6800000000003,3211.92,3283.56,3161.52,3355.56,3110.04,2549.52,3308.4,3412.7999999999997,3581.64,3342.6,2928.96,3420.3599999999997,3303.0,3258.72,3005.2799999999997,3534.84,3150.72,3260.16,2688.84,3366.36,3583.08,3583.8,3318.84,3105.7200000000003,3412.08,3323.52,3493.8,3290.76,3430.08,2871.0,3465.72,2585.88,3542.7599999999998,3461.76,3400.56,3153.2400000000002,3597.8399999999997,2984.04,3034.08,3156.1200000000003,2947.68,3441.24,3531.96,3589.56,3450.96,3533.4,3361.3199999999997,3571.92,3596.7599999999998,3552.84,3561.8399999999997,3590.2799999999997,3501.0,3589.56,3528.3599999999997,3472.56,3418.56,3134.88,3520.7999999999997,3433.68,3182.7599999999998,3412.7999999999997,3515.4
21,13,81,89,4,46,561,107,151,208,25,436,86,76,252,24,213,143,142,264,11,339,43,60,112,209,15,100,26,151,101,15,334,7,303,16,293,149,365,87,235,559,744,110,39,292,491,74,500,7,57,475,475,188,502,149,360,84,344,257,278,16,367,89,340,459,85,173,283,773,419,602,6,12,139,290,179,922,594,1396,245,457,524,771,158,10,181,355,575,18,264,330,569,357,241,88,432,67,17,135,123,3089.4148894021055,2979.378232054141,3434.0275719439264,218838,214735,214278,219347,216883,187390,213316,211061,207565,218044,194166,214701,215338,204855,218084,207882,211575,210888,204279,218873,200301,216866,215985,213083,207462,218665,213966,217852,211062,213739,218356,200589,219106,201637,218705,202889,210698,198864,214617,206234,187338,177161,213144,217180,202606,191652,215314,191240,219139,216294,192839,192496,208949,190918,210979,199006,214743,199440,205185,203583,218520,198483,214512,200189,193255,214660,209524,203309,175338,195511,185511,219233,218776,211425,203288,209559,166862,185682,139485,205544,193244,189727,175015,210663,218737,209169,198943,186420,218494,204449,200578,187273,199581,205465,214401,194985,215525,218542,211585,212220,28878.1219445751,37237.60954679323,0.0,0.0032272727272727266,0.014831818181818182,0.01595,0.0018590909090909085,0.008654545454545455,0.09234999999999999,0.01886818181818182,0.024640909090909092,0.035190909090909085,0.005372727272727273,0.07293636363636363,0.014518181818181819,0.012877272727272725,0.043236363636363635,0.005263636363636364,0.03371818181818182,0.023463636363636364,0.02591363636363636,0.044572727272727264,0.0031454545454545446,0.055327272727272725,0.00901363636363636,0.011577272727272726,0.019531818181818178,0.0353,0.003663636363636364,0.016809090909090905,0.0061818181818181816,0.025086363636363636,0.017513636363636363,0.004540909090909091,0.054749999999999986,0.002372727272727272,0.05159545454545454,0.003486363636363635,0.048331818181818184,0.02665454545454545,0.05975454545454545,0.015031818181818181,0.0389,0.09263181818181818,0.12095,0.019218181818181815,0.00793181818181818,0.04914090909090909,0.07982727272727272,0.012922727272727271,0.08154090909090908,0.0023499999999999992,0.010254545454545455,0.07558181818181818,0.07757727272727273,0.030836363636363637,0.08209999999999999,0.025336363636363636,0.05930454545454545,0.01475,0.05846363636363636,0.04142727272727272,0.0462590909090909,0.0042545454545454536,0.06052727272727273,0.015513636363636363,0.0556590909090909,0.07601363636363635,0.014863636363636362,0.029618181818181814,0.04720909090909091,0.12652272727272726,0.06905,0.09705,0.0021181818181818177,0.003436363636363636,0.02435454545454545,0.04667272727272727,0.02882272727272727,0.1508590909090909,0.0970090909090909,0.2271909090909091,0.04098636363636363,0.0756590909090909,0.08550454545454544,0.1276181818181818,0.026259090909090912,0.0034590909090909086,0.03055,0.0595,0.09552727272727271,0.0042,0.044368181818181814,0.055113636363636365,0.09194090909090909,0.05803636363636363,0.041327272727272726,0.01595909090909091,0.0708,0.01253181818181818,0.003913636363636363,0.023909090909090908,0.02182272727272727,0,3,1,0,2,6,0,1,2,0,11,3,0,3,1,1,0,3,5,0,5,2,0,2,2,0,0,0,1,1,4,2,0,12,0,3,0,1,0,1,11,8,3,1,5,1,2,5,0,0,5,6,2,3,3,4,1,6,7,5,0,8,2,6,0,1,3,7,8,4,13,0,1,1,3,2,9,7,21,0,9,10,8,0,5,2,9,7,0,1,7,9,1,4,0,2,1,0,3,5,0.411928342571773,0.3972260258333918,0.0,0.0681578803663164,0.0657252273007224,0.0,0.0015989067726516818,0.0013814284323926907,0.0,3590.2799999999997,3547.08,3550.3199999999997,3595.6800000000003,3583.08,3160.8,3505.32,3485.88,3421.8,3583.08,3218.04,3535.56,3536.2799999999997,3347.64,3593.52,3441.24,3466.7999999999997,3459.6,3373.92,3605.76,3351.6000000000004,3568.68,3565.08,3509.28,3435.84,3592.08,3572.2799999999997,3582.72,3480.84,3510.0,3592.44,3315.2400000000002,3594.24,3313.44,3584.52,3373.56,3473.2799999999997,3336.8399999999997,3560.04,3411.36,3191.76,3016.7999999999997,3519.36,3579.12,3352.68,3236.4,3570.48,3200.76,3593.8799999999997,3565.08,3223.08,3261.2400000000002,3499.9199999999996,3129.48,3493.0800000000004,3326.4,3565.08,3296.52,3421.08,3418.56,3592.8,3272.04,3528.3599999999997,3315.6000000000004,3213.7200000000003,3529.44,3446.28,3365.64,2948.04,3246.84,3174.84,3592.8,3591.7200000000003,3495.6,3424.6800000000003,3453.48,2858.04,3165.12,2489.04,3414.96,3198.24,3168.0,2939.04,3487.68,3596.7599999999998,3471.84,3338.64,3115.08,3590.2799999999997,3389.7599999999998,3331.08,3173.76,3301.56,3417.48,3534.84,3219.12,3560.4,3591.7200000000003,3492.0,3494.88
